vtag,Model,year,CO2 concentration response,Total forcing response,Temperature response
CO2 (100 PgC),Hector-DOECLIM,2010,0,0,0
CO2 (100 PgC),Hector-DOECLIM,2011,0,0,0
CO2 (100 PgC),Hector-DOECLIM,2012,0,0,0
CO2 (100 PgC),Hector-DOECLIM,2013,0,0,0
CO2 (100 PgC),Hector-DOECLIM,2014,0,0,0
CO2 (100 PgC),Hector-DOECLIM,2015,0,0,0
CO2 (100 PgC),Hector-DOECLIM,2016,23.016,0.3026125,0.0262
CO2 (100 PgC),Hector-DOECLIM,2017,44.243,0.5643278,0.07084
CO2 (100 PgC),Hector-DOECLIM,2018,42.219,0.5369343,0.10319
CO2 (100 PgC),Hector-DOECLIM,2019,40.89,0.5180815,0.12504
CO2 (100 PgC),Hector-DOECLIM,2020,39.881,0.5032006,0.14066
CO2 (100 PgC),Hector-DOECLIM,2021,39.024,0.4902505,0.15225
CO2 (100 PgC),Hector-DOECLIM,2022,38.248,0.4783574,0.16103
CO2 (100 PgC),Hector-DOECLIM,2023,37.524,0.4671435,0.16778
CO2 (100 PgC),Hector-DOECLIM,2024,36.836,0.4564464,0.17299
CO2 (100 PgC),Hector-DOECLIM,2025,36.18,0.4461901,0.177
CO2 (100 PgC),Hector-DOECLIM,2026,35.551,0.4363344,0.18008
CO2 (100 PgC),Hector-DOECLIM,2027,34.95,0.4268551,0.1824
CO2 (100 PgC),Hector-DOECLIM,2028,34.373,0.4177336,0.18412
CO2 (100 PgC),Hector-DOECLIM,2029,33.821,0.4089544,0.18533
CO2 (100 PgC),Hector-DOECLIM,2030,33.29,0.4005036,0.18614
CO2 (100 PgC),Hector-DOECLIM,2031,32.782,0.3923679,0.18661
CO2 (100 PgC),Hector-DOECLIM,2032,32.295,0.384546,0.18679
CO2 (100 PgC),Hector-DOECLIM,2033,31.829,0.3770343,0.18673
CO2 (100 PgC),Hector-DOECLIM,2034,31.392,0.3699503,0.18649
CO2 (100 PgC),Hector-DOECLIM,2035,30.967,0.3630552,0.18609
CO2 (100 PgC),Hector-DOECLIM,2036,30.557,0.356396,0.18555
CO2 (100 PgC),Hector-DOECLIM,2037,30.162,0.3499752,0.18489
CO2 (100 PgC),Hector-DOECLIM,2038,29.783,0.3437996,0.18413
CO2 (100 PgC),Hector-DOECLIM,2039,29.421,0.3378588,0.18329
CO2 (100 PgC),Hector-DOECLIM,2040,29.073,0.332143,0.18238
CO2 (100 PgC),Hector-DOECLIM,2041,28.74,0.3266423,0.18141
CO2 (100 PgC),Hector-DOECLIM,2042,28.422,0.3213572,0.1804
CO2 (100 PgC),Hector-DOECLIM,2043,28.116,0.3162855,0.17936
CO2 (100 PgC),Hector-DOECLIM,2044,27.823,0.3114168,0.17829
CO2 (100 PgC),Hector-DOECLIM,2045,27.542,0.3067419,0.17722
CO2 (100 PgC),Hector-DOECLIM,2046,27.273,0.3022517,0.17612
CO2 (100 PgC),Hector-DOECLIM,2047,27.016,0.297938,0.17501
CO2 (100 PgC),Hector-DOECLIM,2048,26.769,0.2937928,0.1739
CO2 (100 PgC),Hector-DOECLIM,2049,26.533,0.2898083,0.17279
CO2 (100 PgC),Hector-DOECLIM,2050,26.306,0.2859773,0.17169
CO2 (100 PgC),Hector-DOECLIM,2051,26.09,0.2822931,0.1706
CO2 (100 PgC),Hector-DOECLIM,2052,25.882,0.2787664,0.16951
CO2 (100 PgC),Hector-DOECLIM,2053,25.683,0.2754049,0.16844
CO2 (100 PgC),Hector-DOECLIM,2054,25.505,0.2723404,0.1674
CO2 (100 PgC),Hector-DOECLIM,2055,25.313,0.2691809,0.16636
CO2 (100 PgC),Hector-DOECLIM,2056,25.133,0.2662143,0.16535
CO2 (100 PgC),Hector-DOECLIM,2057,24.962,0.2634061,0.16435
CO2 (100 PgC),Hector-DOECLIM,2058,24.8,0.2607424,0.16338
CO2 (100 PgC),Hector-DOECLIM,2059,24.644,0.2582058,0.16244
CO2 (100 PgC),Hector-DOECLIM,2060,24.495,0.2557866,0.16152
CO2 (100 PgC),Hector-DOECLIM,2061,24.354,0.2534777,0.16063
CO2 (100 PgC),Hector-DOECLIM,2062,24.217,0.2512809,0.15976
CO2 (100 PgC),Hector-DOECLIM,2063,24.085,0.2491961,0.15892
CO2 (100 PgC),Hector-DOECLIM,2064,23.958,0.2472181,0.15811
CO2 (100 PgC),Hector-DOECLIM,2065,23.837,0.2453418,0.15733
CO2 (100 PgC),Hector-DOECLIM,2066,23.719,0.2435628,0.15657
CO2 (100 PgC),Hector-DOECLIM,2067,23.607,0.2418764,0.15584
CO2 (100 PgC),Hector-DOECLIM,2068,23.498,0.2402788,0.15514
CO2 (100 PgC),Hector-DOECLIM,2069,23.393,0.2387658,0.15446
CO2 (100 PgC),Hector-DOECLIM,2070,23.293,0.2373337,0.15381
CO2 (100 PgC),Hector-DOECLIM,2071,23.196,0.2359792,0.1532
CO2 (100 PgC),Hector-DOECLIM,2072,23.102,0.2347054,0.15261
CO2 (100 PgC),Hector-DOECLIM,2073,23.011,0.2335141,0.15203
CO2 (100 PgC),Hector-DOECLIM,2074,22.924,0.2324015,0.1515
CO2 (100 PgC),Hector-DOECLIM,2075,22.828,0.2312541,0.15098
CO2 (100 PgC),Hector-DOECLIM,2076,22.747,0.2303047,0.15048
CO2 (100 PgC),Hector-DOECLIM,2077,22.664,0.2293826,0.15001
CO2 (100 PgC),Hector-DOECLIM,2078,22.584,0.2285355,0.14957
CO2 (100 PgC),Hector-DOECLIM,2079,22.507,0.22776,0.14916
CO2 (100 PgC),Hector-DOECLIM,2080,22.432,0.2270431,0.14878
CO2 (100 PgC),Hector-DOECLIM,2081,22.358,0.2263906,0.14841
CO2 (100 PgC),Hector-DOECLIM,2082,22.287,0.2257696,0.14807
CO2 (100 PgC),Hector-DOECLIM,2083,22.22,0.2251673,0.14775
CO2 (100 PgC),Hector-DOECLIM,2084,22.155,0.2245762,0.14745
CO2 (100 PgC),Hector-DOECLIM,2085,22.092,0.2239886,0.14716
CO2 (100 PgC),Hector-DOECLIM,2086,22.03,0.2234047,0.14688
CO2 (100 PgC),Hector-DOECLIM,2087,21.971,0.222823,0.14661
CO2 (100 PgC),Hector-DOECLIM,2088,21.913,0.2222435,0.14634
CO2 (100 PgC),Hector-DOECLIM,2089,21.856,0.2216666,0.14609
CO2 (100 PgC),Hector-DOECLIM,2090,21.801,0.2210924,0.14584
CO2 (100 PgC),Hector-DOECLIM,2091,21.749,0.2205211,0.14559
CO2 (100 PgC),Hector-DOECLIM,2092,21.696,0.2199532,0.14535
CO2 (100 PgC),Hector-DOECLIM,2093,21.646,0.2193889,0.14512
CO2 (100 PgC),Hector-DOECLIM,2094,21.597,0.2188283,0.14488
CO2 (100 PgC),Hector-DOECLIM,2095,21.523,0.2180019,0.14463
CO2 (100 PgC),Hector-DOECLIM,2096,21.478,0.2174585,0.14438
CO2 (100 PgC),Hector-DOECLIM,2097,21.438,0.2169585,0.14414
CO2 (100 PgC),Hector-DOECLIM,2098,21.387,0.2163375,0.14392
CO2 (100 PgC),Hector-DOECLIM,2099,21.338,0.215729,0.14368
CO2 (100 PgC),Hector-DOECLIM,2100,21.297,0.215197,0.14344
CO2 (100 PgC),Hector-DOECLIM,2101,21.256,0.2146512,0.14322
CO2 (100 PgC),Hector-DOECLIM,2102,21.21,0.2140682,0.14299
CO2 (100 PgC),Hector-DOECLIM,2103,21.168,0.2135194,0.14277
CO2 (100 PgC),Hector-DOECLIM,2104,21.128,0.213025,0.14255
CO2 (100 PgC),Hector-DOECLIM,2105,21.089,0.2125427,0.14234
CO2 (100 PgC),Hector-DOECLIM,2106,21.049,0.2120642,0.14213
CO2 (100 PgC),Hector-DOECLIM,2107,21.012,0.2116216,0.14193
CO2 (100 PgC),Hector-DOECLIM,2108,20.976,0.2112177,0.14174
CO2 (100 PgC),Hector-DOECLIM,2109,20.941,0.2108279,0.14156
CO2 (100 PgC),Hector-DOECLIM,2110,20.906,0.2104514,0.14138
CO2 (100 PgC),Hector-DOECLIM,2111,20.873,0.2101039,0.14121
CO2 (100 PgC),Hector-DOECLIM,2112,20.841,0.209781,0.14104
CO2 (100 PgC),Hector-DOECLIM,2113,20.811,0.2094692,0.14089
CO2 (100 PgC),Hector-DOECLIM,2114,20.781,0.2091697,0.14074
CO2 (100 PgC),Hector-DOECLIM,2115,20.751,0.2088878,0.14061
CO2 (100 PgC),Hector-DOECLIM,2116,20.723,0.2086207,0.14048
CO2 (100 PgC),Hector-DOECLIM,2117,20.703,0.2084385,0.14036
CO2 (100 PgC),Hector-DOECLIM,2118,20.676,0.2082096,0.14025
CO2 (100 PgC),Hector-DOECLIM,2119,20.651,0.2079917,0.14014
CO2 (100 PgC),Hector-DOECLIM,2120,20.626,0.2077841,0.14004
CO2 (100 PgC),Hector-DOECLIM,2121,20.602,0.207586,0.13995
CO2 (100 PgC),Hector-DOECLIM,2122,20.578,0.2073944,0.13986
CO2 (100 PgC),Hector-DOECLIM,2123,20.554,0.2072084,0.13977
CO2 (100 PgC),Hector-DOECLIM,2124,20.532,0.2070267,0.13969
CO2 (100 PgC),Hector-DOECLIM,2125,20.51,0.2068455,0.13961
CO2 (100 PgC),Hector-DOECLIM,2126,20.487,0.2066653,0.13954
CO2 (100 PgC),Hector-DOECLIM,2127,20.466,0.206488,0.13947
CO2 (100 PgC),Hector-DOECLIM,2128,20.444,0.2063127,0.1394
CO2 (100 PgC),Hector-DOECLIM,2129,20.422,0.2061388,0.13933
CO2 (100 PgC),Hector-DOECLIM,2130,20.402,0.2059669,0.13927
CO2 (100 PgC),Hector-DOECLIM,2131,20.381,0.2057975,0.1392
CO2 (100 PgC),Hector-DOECLIM,2132,20.361,0.2056299,0.13915
CO2 (100 PgC),Hector-DOECLIM,2133,20.341,0.2054632,0.13909
CO2 (100 PgC),Hector-DOECLIM,2134,20.321,0.2052977,0.13903
CO2 (100 PgC),Hector-DOECLIM,2135,20.302,0.2051335,0.13898
CO2 (100 PgC),Hector-DOECLIM,2136,20.282,0.2049705,0.13892
CO2 (100 PgC),Hector-DOECLIM,2137,20.279,0.2049544,0.13888
CO2 (100 PgC),Hector-DOECLIM,2138,20.259,0.2047917,0.13884
CO2 (100 PgC),Hector-DOECLIM,2139,20.245,0.2046662,0.1388
CO2 (100 PgC),Hector-DOECLIM,2140,20.229,0.2045302,0.13876
CO2 (100 PgC),Hector-DOECLIM,2141,20.213,0.2043926,0.13872
CO2 (100 PgC),Hector-DOECLIM,2142,20.197,0.204261,0.13869
CO2 (100 PgC),Hector-DOECLIM,2143,20.182,0.2041286,0.13865
CO2 (100 PgC),Hector-DOECLIM,2144,20.167,0.2039988,0.13861
CO2 (100 PgC),Hector-DOECLIM,2145,20.152,0.2038707,0.13858
CO2 (100 PgC),Hector-DOECLIM,2146,20.138,0.2037443,0.13854
CO2 (100 PgC),Hector-DOECLIM,2147,20.123,0.20362,0.1385
CO2 (100 PgC),Hector-DOECLIM,2148,20.108,0.2034976,0.13848
CO2 (100 PgC),Hector-DOECLIM,2149,20.095,0.2033772,0.13845
CO2 (100 PgC),Hector-DOECLIM,2150,20.081,0.2032534,0.13842
CO2 (100 PgC),Hector-DOECLIM,2151,20.067,0.2031239,0.13839
CO2 (100 PgC),Hector-DOECLIM,2152,20.054,0.202992,0.13836
CO2 (100 PgC),Hector-DOECLIM,2153,20.041,0.202856,0.13832
CO2 (100 PgC),Hector-DOECLIM,2154,20.028,0.2027168,0.13829
CO2 (100 PgC),Hector-DOECLIM,2155,20.015,0.2025773,0.13826
CO2 (100 PgC),Hector-DOECLIM,2156,20.002,0.2024373,0.13823
CO2 (100 PgC),Hector-DOECLIM,2157,20.018,0.2025787,0.13823
CO2 (100 PgC),Hector-DOECLIM,2158,20.007,0.2024566,0.13821
CO2 (100 PgC),Hector-DOECLIM,2159,19.996,0.2023257,0.13819
CO2 (100 PgC),Hector-DOECLIM,2160,19.994,0.2022896,0.13818
CO2 (100 PgC),Hector-DOECLIM,2161,19.991,0.2022266,0.13817
CO2 (100 PgC),Hector-DOECLIM,2162,19.981,0.202105,0.13816
CO2 (100 PgC),Hector-DOECLIM,2163,19.974,0.2020136,0.13815
CO2 (100 PgC),Hector-DOECLIM,2164,19.971,0.2019587,0.13814
CO2 (100 PgC),Hector-DOECLIM,2165,19.966,0.2018769,0.13813
CO2 (100 PgC),Hector-DOECLIM,2166,19.957,0.2017735,0.13812
CO2 (100 PgC),Hector-DOECLIM,2167,19.952,0.201693,0.1381
CO2 (100 PgC),Hector-DOECLIM,2168,19.948,0.2016239,0.13809
CO2 (100 PgC),Hector-DOECLIM,2169,19.943,0.2015373,0.13809
CO2 (100 PgC),Hector-DOECLIM,2170,19.937,0.2014453,0.13808
CO2 (100 PgC),Hector-DOECLIM,2171,19.931,0.201367,0.13807
CO2 (100 PgC),Hector-DOECLIM,2172,19.927,0.2012907,0.13806
CO2 (100 PgC),Hector-DOECLIM,2173,19.922,0.2012046,0.13806
CO2 (100 PgC),Hector-DOECLIM,2174,19.917,0.2011192,0.13804
CO2 (100 PgC),Hector-DOECLIM,2175,19.912,0.2010411,0.13803
CO2 (100 PgC),Hector-DOECLIM,2176,19.908,0.2009618,0.13803
CO2 (100 PgC),Hector-DOECLIM,2177,19.902,0.2008785,0.13802
CO2 (100 PgC),Hector-DOECLIM,2178,19.898,0.2007976,0.13801
CO2 (100 PgC),Hector-DOECLIM,2179,19.894,0.2007201,0.138
CO2 (100 PgC),Hector-DOECLIM,2180,19.89,0.2006416,0.138
CO2 (100 PgC),Hector-DOECLIM,2181,19.885,0.200562,0.13799
CO2 (100 PgC),Hector-DOECLIM,2182,19.881,0.2004845,0.13799
CO2 (100 PgC),Hector-DOECLIM,2183,19.878,0.2004087,0.13798
CO2 (100 PgC),Hector-DOECLIM,2184,19.874,0.2003323,0.13797
CO2 (100 PgC),Hector-DOECLIM,2185,19.869,0.2002562,0.13797
CO2 (100 PgC),Hector-DOECLIM,2186,19.866,0.2001817,0.13797
CO2 (100 PgC),Hector-DOECLIM,2187,19.862,0.200108,0.13796
CO2 (100 PgC),Hector-DOECLIM,2188,19.858,0.2000342,0.13795
CO2 (100 PgC),Hector-DOECLIM,2189,19.855,0.1999612,0.13794
CO2 (100 PgC),Hector-DOECLIM,2190,19.851,0.1998895,0.13794
CO2 (100 PgC),Hector-DOECLIM,2191,19.848,0.1998186,0.13794
CO2 (100 PgC),Hector-DOECLIM,2192,19.844,0.1997483,0.13793
CO2 (100 PgC),Hector-DOECLIM,2193,19.841,0.1996789,0.13792
CO2 (100 PgC),Hector-DOECLIM,2194,19.837,0.1996107,0.13793
CO2 (100 PgC),Hector-DOECLIM,2195,19.834,0.1995432,0.13792
CO2 (100 PgC),Hector-DOECLIM,2196,19.831,0.1994762,0.13792
CO2 (100 PgC),Hector-DOECLIM,2197,19.828,0.1994098,0.13791
CO2 (100 PgC),Hector-DOECLIM,2198,19.824,0.1993445,0.13791
CO2 (100 PgC),Hector-DOECLIM,2199,19.821,0.1992799,0.13791
CO2 (100 PgC),Hector-DOECLIM,2200,19.818,0.1992163,0.13791
CO2 (100 PgC),Hector-DOECLIM,2201,19.814,0.1991539,0.1379
CO2 (100 PgC),Hector-DOECLIM,2202,19.812,0.1990924,0.1379
CO2 (100 PgC),Hector-DOECLIM,2203,19.809,0.199032,0.1379
CO2 (100 PgC),Hector-DOECLIM,2204,19.806,0.1989726,0.1379
CO2 (100 PgC),Hector-DOECLIM,2205,19.802,0.1989144,0.1379
CO2 (100 PgC),Hector-DOECLIM,2206,19.799,0.1988573,0.1379
CO2 (100 PgC),Hector-DOECLIM,2207,19.796,0.1988014,0.1379
CO2 (100 PgC),Hector-DOECLIM,2208,19.794,0.1987466,0.1379
CO2 (100 PgC),Hector-DOECLIM,2209,19.79,0.1986929,0.1379
CO2 (100 PgC),Hector-DOECLIM,2210,19.788,0.1986405,0.13789
CO2 (100 PgC),Hector-DOECLIM,2211,19.785,0.1985892,0.1379
CO2 (100 PgC),Hector-DOECLIM,2212,19.782,0.1985389,0.13791
CO2 (100 PgC),Hector-DOECLIM,2213,19.779,0.1984896,0.1379
CO2 (100 PgC),Hector-DOECLIM,2214,19.776,0.1984414,0.13791
CO2 (100 PgC),Hector-DOECLIM,2215,19.773,0.1983941,0.13791
CO2 (100 PgC),Hector-DOECLIM,2216,19.77,0.1983479,0.13791
CO2 (100 PgC),Hector-DOECLIM,2217,19.767,0.1983027,0.13792
CO2 (100 PgC),Hector-DOECLIM,2218,19.764,0.1982585,0.13792
CO2 (100 PgC),Hector-DOECLIM,2219,19.761,0.1982154,0.13793
CO2 (100 PgC),Hector-DOECLIM,2220,19.758,0.1981715,0.13793
CO2 (100 PgC),Hector-DOECLIM,2221,19.755,0.1981241,0.13793
CO2 (100 PgC),Hector-DOECLIM,2222,19.751,0.1980711,0.13793
CO2 (100 PgC),Hector-DOECLIM,2223,19.746,0.1980113,0.13795
CO2 (100 PgC),Hector-DOECLIM,2224,19.739,0.1979441,0.13795
CO2 (100 PgC),Hector-DOECLIM,2225,19.733,0.1978691,0.13794
CO2 (100 PgC),Hector-DOECLIM,2226,19.725,0.197786,0.13794
CO2 (100 PgC),Hector-DOECLIM,2227,19.716,0.1976948,0.13793
CO2 (100 PgC),Hector-DOECLIM,2228,19.707,0.1975955,0.13792
CO2 (100 PgC),Hector-DOECLIM,2229,19.696,0.1974883,0.13792
CO2 (100 PgC),Hector-DOECLIM,2230,19.685,0.1973734,0.1379
CO2 (100 PgC),Hector-DOECLIM,2231,19.673,0.1972509,0.13788
CO2 (100 PgC),Hector-DOECLIM,2232,19.66,0.1971211,0.13787
CO2 (100 PgC),Hector-DOECLIM,2233,19.646,0.1969843,0.13785
CO2 (100 PgC),Hector-DOECLIM,2234,19.631,0.1968407,0.13782
CO2 (100 PgC),Hector-DOECLIM,2235,19.616,0.1966907,0.13779
CO2 (100 PgC),Hector-DOECLIM,2236,19.599,0.1965345,0.13777
CO2 (100 PgC),Hector-DOECLIM,2237,19.582,0.1963724,0.13773
CO2 (100 PgC),Hector-DOECLIM,2238,19.565,0.1962049,0.13769
CO2 (100 PgC),Hector-DOECLIM,2239,19.547,0.1960322,0.13765
CO2 (100 PgC),Hector-DOECLIM,2240,19.528,0.1958546,0.1376
CO2 (100 PgC),Hector-DOECLIM,2241,19.508,0.1956724,0.13756
CO2 (100 PgC),Hector-DOECLIM,2242,19.489,0.195486,0.13752
CO2 (100 PgC),Hector-DOECLIM,2243,19.468,0.1952956,0.13746
CO2 (100 PgC),Hector-DOECLIM,2244,19.447,0.1951014,0.1374
CO2 (100 PgC),Hector-DOECLIM,2245,19.425,0.1949036,0.13735
CO2 (100 PgC),Hector-DOECLIM,2246,19.404,0.1947028,0.13729
CO2 (100 PgC),Hector-DOECLIM,2247,19.381,0.194499,0.13723
CO2 (100 PgC),Hector-DOECLIM,2248,19.36,0.1942925,0.13717
CO2 (100 PgC),Hector-DOECLIM,2249,19.337,0.1940837,0.1371
CO2 (100 PgC),Hector-DOECLIM,2250,19.313,0.1938725,0.13703
CO2 (100 PgC),Hector-DOECLIM,2251,19.29,0.1936596,0.13696
CO2 (100 PgC),Hector-DOECLIM,2252,19.265,0.1934447,0.13689
CO2 (100 PgC),Hector-DOECLIM,2253,19.241,0.1932283,0.13682
CO2 (100 PgC),Hector-DOECLIM,2254,19.217,0.1930105,0.13674
CO2 (100 PgC),Hector-DOECLIM,2255,19.192,0.1927915,0.13667
CO2 (100 PgC),Hector-DOECLIM,2256,19.167,0.1925714,0.13659
CO2 (100 PgC),Hector-DOECLIM,2257,19.142,0.1923505,0.13651
CO2 (100 PgC),Hector-DOECLIM,2258,19.117,0.1921289,0.13643
CO2 (100 PgC),Hector-DOECLIM,2259,19.092,0.1919068,0.13634
CO2 (100 PgC),Hector-DOECLIM,2260,19.067,0.1916844,0.13626
CO2 (100 PgC),Hector-DOECLIM,2261,19.041,0.1914616,0.13618
CO2 (100 PgC),Hector-DOECLIM,2262,19.015,0.1912387,0.13609
CO2 (100 PgC),Hector-DOECLIM,2263,18.99,0.1910157,0.13601
CO2 (100 PgC),Hector-DOECLIM,2264,18.964,0.1907927,0.13592
CO2 (100 PgC),Hector-DOECLIM,2265,18.938,0.19057,0.13583
CO2 (100 PgC),Hector-DOECLIM,2266,18.912,0.1903476,0.13574
CO2 (100 PgC),Hector-DOECLIM,2267,18.886,0.1901255,0.13566
CO2 (100 PgC),Hector-DOECLIM,2268,18.86,0.1899039,0.13556
CO2 (100 PgC),Hector-DOECLIM,2269,18.834,0.1896828,0.13547
CO2 (100 PgC),Hector-DOECLIM,2270,18.808,0.1894625,0.13538
CO2 (100 PgC),Hector-DOECLIM,2271,18.782,0.1892427,0.13529
CO2 (100 PgC),Hector-DOECLIM,2272,18.756,0.1890236,0.1352
CO2 (100 PgC),Hector-DOECLIM,2273,18.73,0.1888055,0.1351
CO2 (100 PgC),Hector-DOECLIM,2274,18.704,0.188588,0.13501
CO2 (100 PgC),Hector-DOECLIM,2275,18.678,0.1883714,0.13491
CO2 (100 PgC),Hector-DOECLIM,2276,18.652,0.1881559,0.13483
CO2 (100 PgC),Hector-DOECLIM,2277,18.626,0.1879412,0.13473
CO2 (100 PgC),Hector-DOECLIM,2278,18.6,0.1877275,0.13464
CO2 (100 PgC),Hector-DOECLIM,2279,18.575,0.187515,0.13454
CO2 (100 PgC),Hector-DOECLIM,2280,18.549,0.1873034,0.13445
CO2 (100 PgC),Hector-DOECLIM,2281,18.523,0.1870929,0.13435
CO2 (100 PgC),Hector-DOECLIM,2282,18.498,0.1868836,0.13425
CO2 (100 PgC),Hector-DOECLIM,2283,18.473,0.1866753,0.13416
CO2 (100 PgC),Hector-DOECLIM,2284,18.447,0.1864682,0.13407
CO2 (100 PgC),Hector-DOECLIM,2285,18.422,0.1862622,0.13397
CO2 (100 PgC),Hector-DOECLIM,2286,18.396,0.1860574,0.13387
CO2 (100 PgC),Hector-DOECLIM,2287,18.371,0.1858536,0.13378
CO2 (100 PgC),Hector-DOECLIM,2288,18.345,0.185651,0.13368
CO2 (100 PgC),Hector-DOECLIM,2289,18.321,0.1854497,0.13359
CO2 (100 PgC),Hector-DOECLIM,2290,18.295,0.1852495,0.1335
CO2 (100 PgC),Hector-DOECLIM,2291,18.271,0.1850504,0.1334
CO2 (100 PgC),Hector-DOECLIM,2292,18.246,0.1848525,0.13331
CO2 (100 PgC),Hector-DOECLIM,2293,18.222,0.1846556,0.13321
CO2 (100 PgC),Hector-DOECLIM,2294,18.197,0.18446,0.13312
CO2 (100 PgC),Hector-DOECLIM,2295,18.172,0.1842655,0.13303
CO2 (100 PgC),Hector-DOECLIM,2296,18.149,0.1840721,0.13293
CO2 (100 PgC),Hector-DOECLIM,2297,18.124,0.1838799,0.13284
CO2 (100 PgC),Hector-DOECLIM,2298,18.1,0.1836888,0.13274
CO2 (100 PgC),Hector-DOECLIM,2299,18.075,0.1834988,0.13265
CO2 (100 PgC),Hector-DOECLIM,2300,18.052,0.18331,0.13256
CO2 (100 PgC),MAGICC 5.3,2010,0,0,0
CO2 (100 PgC),MAGICC 5.3,2011,0,0,0
CO2 (100 PgC),MAGICC 5.3,2012,0,0,0
CO2 (100 PgC),MAGICC 5.3,2013,0,0,0
CO2 (100 PgC),MAGICC 5.3,2014,0,0,0
CO2 (100 PgC),MAGICC 5.3,2015,47.479,0.26938,0.036542
CO2 (100 PgC),MAGICC 5.3,2016,43.112,0.51418,0.111501
CO2 (100 PgC),MAGICC 5.3,2017,41.929,0.4819,0.13099
CO2 (100 PgC),MAGICC 5.3,2018,40.468,0.46513,0.14454
CO2 (100 PgC),MAGICC 5.3,2019,39.415,0.44923,0.15368
CO2 (100 PgC),MAGICC 5.3,2020,38.535,0.43652,0.16057
CO2 (100 PgC),MAGICC 5.3,2021,37.767,0.42542,0.16586
CO2 (100 PgC),MAGICC 5.3,2022,37.067,0.41534,0.16994
CO2 (100 PgC),MAGICC 5.3,2023,36.418,0.40596,0.17311
CO2 (100 PgC),MAGICC 5.3,2024,35.807,0.39711,0.17555
CO2 (100 PgC),MAGICC 5.3,2025,35.231,0.38872,0.17739
CO2 (100 PgC),MAGICC 5.3,2026,34.686,0.38071,0.17875
CO2 (100 PgC),MAGICC 5.3,2027,34.167,0.37306,0.17972
CO2 (100 PgC),MAGICC 5.3,2028,33.674,0.36573,0.18036
CO2 (100 PgC),MAGICC 5.3,2029,33.204,0.35872,0.18072
CO2 (100 PgC),MAGICC 5.3,2030,32.758,0.35199,0.18086
CO2 (100 PgC),MAGICC 5.3,2031,32.333,0.34556,0.18081
CO2 (100 PgC),MAGICC 5.3,2032,31.928,0.33941,0.1806
CO2 (100 PgC),MAGICC 5.3,2033,31.544,0.33353,0.18027
CO2 (100 PgC),MAGICC 5.3,2034,31.178,0.32791,0.17982
CO2 (100 PgC),MAGICC 5.3,2035,30.831,0.32253,0.17928
CO2 (100 PgC),MAGICC 5.3,2036,30.5,0.31737,0.17869
CO2 (100 PgC),MAGICC 5.3,2037,30.186,0.31244,0.17802
CO2 (100 PgC),MAGICC 5.3,2038,29.889,0.30774,0.17731
CO2 (100 PgC),MAGICC 5.3,2039,29.608,0.30322,0.17655
CO2 (100 PgC),MAGICC 5.3,2040,29.34,0.29891,0.17578
CO2 (100 PgC),MAGICC 5.3,2041,29.088,0.29479,0.17498
CO2 (100 PgC),MAGICC 5.3,2042,28.85,0.29086,0.17417
CO2 (100 PgC),MAGICC 5.3,2043,28.623,0.28712,0.17335
CO2 (100 PgC),MAGICC 5.3,2044,28.409,0.28353,0.17252
CO2 (100 PgC),MAGICC 5.3,2045,28.205,0.2801,0.1717
CO2 (100 PgC),MAGICC 5.3,2046,28.011,0.27681,0.17087
CO2 (100 PgC),MAGICC 5.3,2047,27.827,0.27365,0.17006
CO2 (100 PgC),MAGICC 5.3,2048,27.651,0.27062,0.16925
CO2 (100 PgC),MAGICC 5.3,2049,27.483,0.2677,0.16845
CO2 (100 PgC),MAGICC 5.3,2050,27.323,0.26489,0.16764
CO2 (100 PgC),MAGICC 5.3,2051,27.17,0.2622,0.16685
CO2 (100 PgC),MAGICC 5.3,2052,27.022,0.25963,0.16607
CO2 (100 PgC),MAGICC 5.3,2053,26.88,0.25718,0.16531
CO2 (100 PgC),MAGICC 5.3,2054,26.744,0.25483,0.16457
CO2 (100 PgC),MAGICC 5.3,2055,26.613,0.2526,0.16385
CO2 (100 PgC),MAGICC 5.3,2056,26.487,0.25046,0.16315
CO2 (100 PgC),MAGICC 5.3,2057,26.366,0.24841,0.16246
CO2 (100 PgC),MAGICC 5.3,2058,26.248,0.24646,0.16179
CO2 (100 PgC),MAGICC 5.3,2059,26.135,0.24459,0.16114
CO2 (100 PgC),MAGICC 5.3,2060,26.026,0.24279,0.1605
CO2 (100 PgC),MAGICC 5.3,2061,25.92,0.24108,0.15989
CO2 (100 PgC),MAGICC 5.3,2062,25.818,0.23945,0.15929
CO2 (100 PgC),MAGICC 5.3,2063,25.718,0.2379,0.15873
CO2 (100 PgC),MAGICC 5.3,2064,25.621,0.23643,0.15817
CO2 (100 PgC),MAGICC 5.3,2065,25.526,0.23503,0.15764
CO2 (100 PgC),MAGICC 5.3,2066,25.434,0.23369,0.15713
CO2 (100 PgC),MAGICC 5.3,2067,25.344,0.23243,0.15664
CO2 (100 PgC),MAGICC 5.3,2068,25.256,0.23121,0.15616
CO2 (100 PgC),MAGICC 5.3,2069,25.17,0.23007,0.15572
CO2 (100 PgC),MAGICC 5.3,2070,25.086,0.22897,0.15529
CO2 (100 PgC),MAGICC 5.3,2071,25.003,0.22794,0.15487
CO2 (100 PgC),MAGICC 5.3,2072,24.921,0.22697,0.15449
CO2 (100 PgC),MAGICC 5.3,2073,24.841,0.22606,0.15411
CO2 (100 PgC),MAGICC 5.3,2074,24.76,0.22521,0.15376
CO2 (100 PgC),MAGICC 5.3,2075,24.682,0.22441,0.15344
CO2 (100 PgC),MAGICC 5.3,2076,24.603,0.22368,0.15312
CO2 (100 PgC),MAGICC 5.3,2077,24.526,0.22298,0.15283
CO2 (100 PgC),MAGICC 5.3,2078,24.449,0.22234,0.15257
CO2 (100 PgC),MAGICC 5.3,2079,24.371,0.22174,0.15231
CO2 (100 PgC),MAGICC 5.3,2080,24.294,0.22118,0.15208
CO2 (100 PgC),MAGICC 5.3,2081,24.218,0.22065,0.15187
CO2 (100 PgC),MAGICC 5.3,2082,24.144,0.2201,0.15165
CO2 (100 PgC),MAGICC 5.3,2083,24.07,0.21955,0.15145
CO2 (100 PgC),MAGICC 5.3,2084,23.998,0.21901,0.15125
CO2 (100 PgC),MAGICC 5.3,2085,23.926,0.21846,0.15106
CO2 (100 PgC),MAGICC 5.3,2086,23.857,0.21791,0.15087
CO2 (100 PgC),MAGICC 5.3,2087,23.788,0.21736,0.15067
CO2 (100 PgC),MAGICC 5.3,2088,23.72,0.21681,0.15049
CO2 (100 PgC),MAGICC 5.3,2089,23.654,0.21626,0.15031
CO2 (100 PgC),MAGICC 5.3,2090,23.588,0.21572,0.15012
CO2 (100 PgC),MAGICC 5.3,2091,23.524,0.21517,0.14994
CO2 (100 PgC),MAGICC 5.3,2092,23.46,0.21462,0.14975
CO2 (100 PgC),MAGICC 5.3,2093,23.399,0.21408,0.14956
CO2 (100 PgC),MAGICC 5.3,2094,23.337,0.21354,0.14938
CO2 (100 PgC),MAGICC 5.3,2095,23.277,0.213,0.1492
CO2 (100 PgC),MAGICC 5.3,2096,23.218,0.21245,0.14902
CO2 (100 PgC),MAGICC 5.3,2097,23.159,0.21192,0.14884
CO2 (100 PgC),MAGICC 5.3,2098,23.102,0.21139,0.14866
CO2 (100 PgC),MAGICC 5.3,2099,23.046,0.21085,0.14847
CO2 (100 PgC),MAGICC 5.3,2100,22.991,0.21033,0.1483
CO2 (100 PgC),MAGICC 5.3,2101,22.935,0.20981,0.14811
CO2 (100 PgC),MAGICC 5.3,2102,22.882,0.20931,0.14793
CO2 (100 PgC),MAGICC 5.3,2103,22.828,0.20884,0.14777
CO2 (100 PgC),MAGICC 5.3,2104,22.774,0.20838,0.1476
CO2 (100 PgC),MAGICC 5.3,2105,22.721,0.20793,0.14744
CO2 (100 PgC),MAGICC 5.3,2106,22.669,0.20752,0.14728
CO2 (100 PgC),MAGICC 5.3,2107,22.616,0.20711,0.14713
CO2 (100 PgC),MAGICC 5.3,2108,22.563,0.20672,0.14698
CO2 (100 PgC),MAGICC 5.3,2109,22.511,0.20634,0.14685
CO2 (100 PgC),MAGICC 5.3,2110,22.459,0.20598,0.14671
CO2 (100 PgC),MAGICC 5.3,2111,22.408,0.20563,0.14658
CO2 (100 PgC),MAGICC 5.3,2112,22.356,0.20529,0.14645
CO2 (100 PgC),MAGICC 5.3,2113,22.305,0.20496,0.14634
CO2 (100 PgC),MAGICC 5.3,2114,22.254,0.20463,0.14622
CO2 (100 PgC),MAGICC 5.3,2115,22.204,0.20432,0.14611
CO2 (100 PgC),MAGICC 5.3,2116,22.153,0.20401,0.146
CO2 (100 PgC),MAGICC 5.3,2117,22.103,0.20372,0.14589
CO2 (100 PgC),MAGICC 5.3,2118,22.052,0.20342,0.14579
CO2 (100 PgC),MAGICC 5.3,2119,22.002,0.20315,0.1457
CO2 (100 PgC),MAGICC 5.3,2120,21.953,0.20288,0.14561
CO2 (100 PgC),MAGICC 5.3,2121,21.903,0.20261,0.14551
CO2 (100 PgC),MAGICC 5.3,2122,21.854,0.20235,0.14543
CO2 (100 PgC),MAGICC 5.3,2123,21.805,0.20208,0.14534
CO2 (100 PgC),MAGICC 5.3,2124,21.755,0.20181,0.14525
CO2 (100 PgC),MAGICC 5.3,2125,21.707,0.20155,0.14517
CO2 (100 PgC),MAGICC 5.3,2126,21.658,0.20129,0.14508
CO2 (100 PgC),MAGICC 5.3,2127,21.61,0.20103,0.145
CO2 (100 PgC),MAGICC 5.3,2128,21.562,0.20077,0.14493
CO2 (100 PgC),MAGICC 5.3,2129,21.514,0.20052,0.14484
CO2 (100 PgC),MAGICC 5.3,2130,21.467,0.20026,0.14477
CO2 (100 PgC),MAGICC 5.3,2131,21.42,0.20002,0.14469
CO2 (100 PgC),MAGICC 5.3,2132,21.373,0.19976,0.14461
CO2 (100 PgC),MAGICC 5.3,2133,21.327,0.1995,0.14454
CO2 (100 PgC),MAGICC 5.3,2134,21.28,0.19926,0.14446
CO2 (100 PgC),MAGICC 5.3,2135,21.234,0.19901,0.14439
CO2 (100 PgC),MAGICC 5.3,2136,21.189,0.19876,0.14431
CO2 (100 PgC),MAGICC 5.3,2137,21.142,0.19852,0.14424
CO2 (100 PgC),MAGICC 5.3,2138,21.097,0.19827,0.14417
CO2 (100 PgC),MAGICC 5.3,2139,21.052,0.19804,0.14409
CO2 (100 PgC),MAGICC 5.3,2140,21.007,0.1978,0.14401
CO2 (100 PgC),MAGICC 5.3,2141,20.963,0.19756,0.14394
CO2 (100 PgC),MAGICC 5.3,2142,20.918,0.19732,0.14388
CO2 (100 PgC),MAGICC 5.3,2143,20.875,0.19708,0.1438
CO2 (100 PgC),MAGICC 5.3,2144,20.831,0.19684,0.14373
CO2 (100 PgC),MAGICC 5.3,2145,20.786,0.19661,0.14366
CO2 (100 PgC),MAGICC 5.3,2146,20.743,0.19639,0.1436
CO2 (100 PgC),MAGICC 5.3,2147,20.699,0.19616,0.14352
CO2 (100 PgC),MAGICC 5.3,2148,20.656,0.19593,0.14346
CO2 (100 PgC),MAGICC 5.3,2149,20.613,0.1957,0.14339
CO2 (100 PgC),MAGICC 5.3,2150,20.571,0.19546,0.14331
CO2 (100 PgC),MAGICC 5.3,2151,20.528,0.19522,0.14324
CO2 (100 PgC),MAGICC 5.3,2152,20.487,0.19499,0.14317
CO2 (100 PgC),MAGICC 5.3,2153,20.445,0.19474,0.1431
CO2 (100 PgC),MAGICC 5.3,2154,20.404,0.1945,0.14303
CO2 (100 PgC),MAGICC 5.3,2155,20.363,0.19426,0.14296
CO2 (100 PgC),MAGICC 5.3,2156,20.322,0.19402,0.14288
CO2 (100 PgC),MAGICC 5.3,2157,20.282,0.19378,0.14281
CO2 (100 PgC),MAGICC 5.3,2158,20.242,0.19354,0.14273
CO2 (100 PgC),MAGICC 5.3,2159,20.201,0.1933,0.14266
CO2 (100 PgC),MAGICC 5.3,2160,20.162,0.19306,0.14258
CO2 (100 PgC),MAGICC 5.3,2161,20.122,0.19283,0.14251
CO2 (100 PgC),MAGICC 5.3,2162,20.084,0.19259,0.14243
CO2 (100 PgC),MAGICC 5.3,2163,20.045,0.19236,0.14236
CO2 (100 PgC),MAGICC 5.3,2164,20.006,0.19213,0.14228
CO2 (100 PgC),MAGICC 5.3,2165,19.966,0.19189,0.14221
CO2 (100 PgC),MAGICC 5.3,2166,19.928,0.19166,0.14212
CO2 (100 PgC),MAGICC 5.3,2167,19.89,0.19143,0.14205
CO2 (100 PgC),MAGICC 5.3,2168,19.853,0.1912,0.14197
CO2 (100 PgC),MAGICC 5.3,2169,19.815,0.19097,0.14191
CO2 (100 PgC),MAGICC 5.3,2170,19.777,0.19074,0.14182
CO2 (100 PgC),MAGICC 5.3,2171,19.74,0.19052,0.14175
CO2 (100 PgC),MAGICC 5.3,2172,19.703,0.19029,0.14168
CO2 (100 PgC),MAGICC 5.3,2173,19.666,0.19006,0.1416
CO2 (100 PgC),MAGICC 5.3,2174,19.63,0.18984,0.14153
CO2 (100 PgC),MAGICC 5.3,2175,19.594,0.18962,0.14145
CO2 (100 PgC),MAGICC 5.3,2176,19.558,0.1894,0.14138
CO2 (100 PgC),MAGICC 5.3,2177,19.522,0.18917,0.1413
CO2 (100 PgC),MAGICC 5.3,2178,19.486,0.18896,0.14122
CO2 (100 PgC),MAGICC 5.3,2179,19.45,0.18874,0.14115
CO2 (100 PgC),MAGICC 5.3,2180,19.415,0.18853,0.14107
CO2 (100 PgC),MAGICC 5.3,2181,19.379,0.1883,0.141
CO2 (100 PgC),MAGICC 5.3,2182,19.344,0.18809,0.14092
CO2 (100 PgC),MAGICC 5.3,2183,19.309,0.18788,0.14085
CO2 (100 PgC),MAGICC 5.3,2184,19.275,0.18766,0.14078
CO2 (100 PgC),MAGICC 5.3,2185,19.241,0.18745,0.1407
CO2 (100 PgC),MAGICC 5.3,2186,19.206,0.18724,0.14062
CO2 (100 PgC),MAGICC 5.3,2187,19.172,0.18703,0.14055
CO2 (100 PgC),MAGICC 5.3,2188,19.138,0.18682,0.14047
CO2 (100 PgC),MAGICC 5.3,2189,19.105,0.18661,0.1404
CO2 (100 PgC),MAGICC 5.3,2190,19.072,0.1864,0.14033
CO2 (100 PgC),MAGICC 5.3,2191,19.037,0.1862,0.14026
CO2 (100 PgC),MAGICC 5.3,2192,19.005,0.18599,0.14018
CO2 (100 PgC),MAGICC 5.3,2193,18.971,0.18578,0.14011
CO2 (100 PgC),MAGICC 5.3,2194,18.939,0.18557,0.14003
CO2 (100 PgC),MAGICC 5.3,2195,18.906,0.18537,0.13996
CO2 (100 PgC),MAGICC 5.3,2196,18.873,0.18516,0.13988
CO2 (100 PgC),MAGICC 5.3,2197,18.841,0.18496,0.13981
CO2 (100 PgC),MAGICC 5.3,2198,18.809,0.18476,0.13974
CO2 (100 PgC),MAGICC 5.3,2199,18.777,0.18456,0.13967
CO2 (100 PgC),MAGICC 5.3,2200,18.745,0.18436,0.13959
CO2 (100 PgC),MAGICC 5.3,2201,18.714,0.18416,0.13952
CO2 (100 PgC),MAGICC 5.3,2202,18.681,0.18395,0.13945
CO2 (100 PgC),MAGICC 5.3,2203,18.65,0.18376,0.13937
CO2 (100 PgC),MAGICC 5.3,2204,18.619,0.18355,0.1393
CO2 (100 PgC),MAGICC 5.3,2205,18.588,0.18336,0.13923
CO2 (100 PgC),MAGICC 5.3,2206,18.556,0.18316,0.13915
CO2 (100 PgC),MAGICC 5.3,2207,18.526,0.18297,0.13908
CO2 (100 PgC),MAGICC 5.3,2208,18.495,0.18278,0.13901
CO2 (100 PgC),MAGICC 5.3,2209,18.465,0.18258,0.13894
CO2 (100 PgC),MAGICC 5.3,2210,18.435,0.18238,0.13886
CO2 (100 PgC),MAGICC 5.3,2211,18.404,0.18219,0.13879
CO2 (100 PgC),MAGICC 5.3,2212,18.374,0.182,0.13871
CO2 (100 PgC),MAGICC 5.3,2213,18.344,0.1818,0.13864
CO2 (100 PgC),MAGICC 5.3,2214,18.315,0.18161,0.13857
CO2 (100 PgC),MAGICC 5.3,2215,18.285,0.18142,0.1385
CO2 (100 PgC),MAGICC 5.3,2216,18.255,0.18123,0.13843
CO2 (100 PgC),MAGICC 5.3,2217,18.226,0.18103,0.13835
CO2 (100 PgC),MAGICC 5.3,2218,18.196,0.18085,0.13828
CO2 (100 PgC),MAGICC 5.3,2219,18.167,0.18066,0.13821
CO2 (100 PgC),MAGICC 5.3,2220,18.138,0.18048,0.13813
CO2 (100 PgC),MAGICC 5.3,2221,18.109,0.18028,0.13806
CO2 (100 PgC),MAGICC 5.3,2222,18.081,0.1801,0.13799
CO2 (100 PgC),MAGICC 5.3,2223,18.053,0.17991,0.13792
CO2 (100 PgC),MAGICC 5.3,2224,18.024,0.17972,0.13784
CO2 (100 PgC),MAGICC 5.3,2225,17.995,0.17954,0.13777
CO2 (100 PgC),MAGICC 5.3,2226,17.968,0.17936,0.1377
CO2 (100 PgC),MAGICC 5.3,2227,17.939,0.17917,0.13762
CO2 (100 PgC),MAGICC 5.3,2228,17.911,0.17898,0.13756
CO2 (100 PgC),MAGICC 5.3,2229,17.884,0.1788,0.13749
CO2 (100 PgC),MAGICC 5.3,2230,17.855,0.17862,0.13741
CO2 (100 PgC),MAGICC 5.3,2231,17.828,0.17843,0.13734
CO2 (100 PgC),MAGICC 5.3,2232,17.801,0.17826,0.13727
CO2 (100 PgC),MAGICC 5.3,2233,17.773,0.17807,0.1372
CO2 (100 PgC),MAGICC 5.3,2234,17.746,0.1779,0.13713
CO2 (100 PgC),MAGICC 5.3,2235,17.719,0.17771,0.13705
CO2 (100 PgC),MAGICC 5.3,2236,17.692,0.17754,0.13698
CO2 (100 PgC),MAGICC 5.3,2237,17.665,0.17735,0.13691
CO2 (100 PgC),MAGICC 5.3,2238,17.638,0.17718,0.13684
CO2 (100 PgC),MAGICC 5.3,2239,17.612,0.177,0.13677
CO2 (100 PgC),MAGICC 5.3,2240,17.585,0.17682,0.1367
CO2 (100 PgC),MAGICC 5.3,2241,17.559,0.17664,0.13663
CO2 (100 PgC),MAGICC 5.3,2242,17.532,0.17646,0.13655
CO2 (100 PgC),MAGICC 5.3,2243,17.507,0.17629,0.13648
CO2 (100 PgC),MAGICC 5.3,2244,17.481,0.17611,0.13641
CO2 (100 PgC),MAGICC 5.3,2245,17.454,0.17594,0.13634
CO2 (100 PgC),MAGICC 5.3,2246,17.429,0.17576,0.13626
CO2 (100 PgC),MAGICC 5.3,2247,17.403,0.17559,0.13619
CO2 (100 PgC),MAGICC 5.3,2248,17.377,0.17541,0.13612
CO2 (100 PgC),MAGICC 5.3,2249,17.352,0.17524,0.13605
CO2 (100 PgC),MAGICC 5.3,2250,17.326,0.17506,0.13598
CO2 (100 PgC),MAGICC 5.3,2251,17.3,0.1749,0.13591
CO2 (100 PgC),MAGICC 5.3,2252,17.276,0.17472,0.13583
CO2 (100 PgC),MAGICC 5.3,2253,17.251,0.17455,0.13577
CO2 (100 PgC),MAGICC 5.3,2254,17.226,0.17438,0.1357
CO2 (100 PgC),MAGICC 5.3,2255,17.2,0.1742,0.13562
CO2 (100 PgC),MAGICC 5.3,2256,17.176,0.17403,0.13556
CO2 (100 PgC),MAGICC 5.3,2257,17.151,0.17386,0.13549
CO2 (100 PgC),MAGICC 5.3,2258,17.126,0.17369,0.13541
CO2 (100 PgC),MAGICC 5.3,2259,17.103,0.17352,0.13534
CO2 (100 PgC),MAGICC 5.3,2260,17.078,0.17335,0.13527
CO2 (100 PgC),MAGICC 5.3,2261,17.054,0.17319,0.1352
CO2 (100 PgC),MAGICC 5.3,2262,17.029,0.17302,0.13513
CO2 (100 PgC),MAGICC 5.3,2263,17.005,0.17285,0.13505
CO2 (100 PgC),MAGICC 5.3,2264,16.981,0.17268,0.13499
CO2 (100 PgC),MAGICC 5.3,2265,16.957,0.17252,0.13491
CO2 (100 PgC),MAGICC 5.3,2266,16.933,0.17235,0.13485
CO2 (100 PgC),MAGICC 5.3,2267,16.909,0.17218,0.13477
CO2 (100 PgC),MAGICC 5.3,2268,16.886,0.17202,0.13471
CO2 (100 PgC),MAGICC 5.3,2269,16.863,0.17185,0.13464
CO2 (100 PgC),MAGICC 5.3,2270,16.839,0.17169,0.13457
CO2 (100 PgC),MAGICC 5.3,2271,16.816,0.17152,0.13449
CO2 (100 PgC),MAGICC 5.3,2272,16.793,0.17136,0.13443
CO2 (100 PgC),MAGICC 5.3,2273,16.77,0.17119,0.13435
CO2 (100 PgC),MAGICC 5.3,2274,16.746,0.17103,0.13428
CO2 (100 PgC),MAGICC 5.3,2275,16.723,0.17087,0.13421
CO2 (100 PgC),MAGICC 5.3,2276,16.701,0.17071,0.13414
CO2 (100 PgC),MAGICC 5.3,2277,16.677,0.17055,0.13407
CO2 (100 PgC),MAGICC 5.3,2278,16.655,0.17038,0.13401
CO2 (100 PgC),MAGICC 5.3,2279,16.632,0.17022,0.13393
CO2 (100 PgC),MAGICC 5.3,2280,16.61,0.17006,0.13387
CO2 (100 PgC),MAGICC 5.3,2281,16.587,0.1699,0.13379
CO2 (100 PgC),MAGICC 5.3,2282,16.565,0.16974,0.13372
CO2 (100 PgC),MAGICC 5.3,2283,16.543,0.16958,0.13365
CO2 (100 PgC),MAGICC 5.3,2284,16.52,0.16942,0.13359
CO2 (100 PgC),MAGICC 5.3,2285,16.498,0.16927,0.13351
CO2 (100 PgC),MAGICC 5.3,2286,16.476,0.1691,0.13344
CO2 (100 PgC),MAGICC 5.3,2287,16.454,0.16894,0.13337
CO2 (100 PgC),MAGICC 5.3,2288,16.433,0.16879,0.1333
CO2 (100 PgC),MAGICC 5.3,2289,16.411,0.16863,0.13323
CO2 (100 PgC),MAGICC 5.3,2290,16.389,0.16847,0.13317
CO2 (100 PgC),MAGICC 5.3,2291,16.367,0.16831,0.13309
CO2 (100 PgC),MAGICC 5.3,2292,16.346,0.16816,0.13303
CO2 (100 PgC),MAGICC 5.3,2293,16.324,0.168,0.13295
CO2 (100 PgC),MAGICC 5.3,2294,16.303,0.16785,0.13289
CO2 (100 PgC),MAGICC 5.3,2295,16.282,0.16769,0.13282
CO2 (100 PgC),MAGICC 5.3,2296,16.26,0.16753,0.13275
CO2 (100 PgC),MAGICC 5.3,2297,16.239,0.16738,0.13268
CO2 (100 PgC),MAGICC 5.3,2298,16.218,0.16722,0.1326
CO2 (100 PgC),MAGICC 5.3,2299,16.197,0.16707,0.13254
CO2 (100 PgC),MAGICC 5.3,2300,16.176,0.16692,0.13247
MAGICC 6.0,CO2 (100 PgC),2009,0,0,0
MAGICC 6.0,CO2 (100 PgC),2010,0,0,0
MAGICC 6.0,CO2 (100 PgC),2011,0,0,0
MAGICC 6.0,CO2 (100 PgC),2012,0,0,0
MAGICC 6.0,CO2 (100 PgC),2013,0,0,0
MAGICC 6.0,CO2 (100 PgC),2014,0,0,0
MAGICC 6.0,CO2 (100 PgC),2015,0,0,0
MAGICC 6.0,CO2 (100 PgC),2016,23.43375,0.2948276,0.0861
MAGICC 6.0,CO2 (100 PgC),2017,44.89644,0.5643138,0.135
MAGICC 6.0,CO2 (100 PgC),2018,42.11599,0.5275763,0.1574
MAGICC 6.0,CO2 (100 PgC),2019,40.02734,0.4992738,0.1692
MAGICC 6.0,CO2 (100 PgC),2020,37.79857,0.4695763,0.176
MAGICC 6.0,CO2 (100 PgC),2021,36.20726,0.4477023,0.1803
MAGICC 6.0,CO2 (100 PgC),2022,35.1227,0.4319521,0.1835
MAGICC 6.0,CO2 (100 PgC),2023,34.21235,0.4183768,0.1854
MAGICC 6.0,CO2 (100 PgC),2024,33.34802,0.4054551,0.1865
MAGICC 6.0,CO2 (100 PgC),2025,32.59537,0.3939617,0.187
MAGICC 6.0,CO2 (100 PgC),2026,31.91978,0.3834768,0.187
MAGICC 6.0,CO2 (100 PgC),2027,31.31085,0.3738681,0.1867
MAGICC 6.0,CO2 (100 PgC),2028,30.75869,0.3650106,0.1861
MAGICC 6.0,CO2 (100 PgC),2029,30.25564,0.3568072,0.1854
MAGICC 6.0,CO2 (100 PgC),2030,29.79546,0.3491781,0.1844
MAGICC 6.0,CO2 (100 PgC),2031,29.37302,0.3420571,0.1834
MAGICC 6.0,CO2 (100 PgC),2032,28.98402,0.3353981,0.1823
MAGICC 6.0,CO2 (100 PgC),2033,28.62476,0.3291613,0.1812
MAGICC 6.0,CO2 (100 PgC),2034,28.29214,0.3233032,0.1799
MAGICC 6.0,CO2 (100 PgC),2035,27.98352,0.3177878,0.1788
MAGICC 6.0,CO2 (100 PgC),2036,27.69663,0.3125832,0.1776
MAGICC 6.0,CO2 (100 PgC),2037,27.42949,0.3076618,0.1763
MAGICC 6.0,CO2 (100 PgC),2038,27.18039,0.3029999,0.1751
MAGICC 6.0,CO2 (100 PgC),2039,26.94782,0.298576,0.1739
MAGICC 6.0,CO2 (100 PgC),2040,26.73047,0.2943712,0.1727
MAGICC 6.0,CO2 (100 PgC),2041,26.52714,0.2903689,0.1715
MAGICC 6.0,CO2 (100 PgC),2042,26.33677,0.2865618,0.1703
MAGICC 6.0,CO2 (100 PgC),2043,26.15833,0.2829427,0.1692
MAGICC 6.0,CO2 (100 PgC),2044,25.99092,0.2794965,0.1681
MAGICC 6.0,CO2 (100 PgC),2045,25.83375,0.2762104,0.1671
MAGICC 6.0,CO2 (100 PgC),2046,25.68612,0.273072,0.1659
MAGICC 6.0,CO2 (100 PgC),2047,25.54739,0.2700686,0.1649
MAGICC 6.0,CO2 (100 PgC),2048,25.417,0.2671898,0.1638
MAGICC 6.0,CO2 (100 PgC),2049,25.29443,0.26446,0.1629
MAGICC 6.0,CO2 (100 PgC),2050,25.17917,0.2618748,0.1619
MAGICC 6.0,CO2 (100 PgC),2051,25.07077,0.259399,0.1609
MAGICC 6.0,CO2 (100 PgC),2052,24.9688,0.2570423,0.1601
MAGICC 6.0,CO2 (100 PgC),2053,24.87266,0.2548115,0.1592
MAGICC 6.0,CO2 (100 PgC),2054,24.7819,0.2526965,0.1584
MAGICC 6.0,CO2 (100 PgC),2055,24.69612,0.2506899,0.1575
MAGICC 6.0,CO2 (100 PgC),2056,24.61499,0.2487844,0.1567
MAGICC 6.0,CO2 (100 PgC),2057,24.53816,0.2469738,0.156
MAGICC 6.0,CO2 (100 PgC),2058,24.46536,0.2452523,0.1553
MAGICC 6.0,CO2 (100 PgC),2059,24.39633,0.2436148,0.1546
MAGICC 6.0,CO2 (100 PgC),2060,24.33081,0.2420565,0.1539
MAGICC 6.0,CO2 (100 PgC),2061,24.26859,0.2405731,0.1533
MAGICC 6.0,CO2 (100 PgC),2062,24.20945,0.2391671,0.1527
MAGICC 6.0,CO2 (100 PgC),2063,24.15309,0.2378406,0.1521
MAGICC 6.0,CO2 (100 PgC),2064,24.09928,0.2365884,0.1515
MAGICC 6.0,CO2 (100 PgC),2065,24.04782,0.2354064,0.151
MAGICC 6.0,CO2 (100 PgC),2066,23.99852,0.2342909,0.1505
MAGICC 6.0,CO2 (100 PgC),2067,23.9512,0.2332381,0.15
MAGICC 6.0,CO2 (100 PgC),2068,23.90566,0.2322452,0.1495
MAGICC 6.0,CO2 (100 PgC),2069,23.86178,0.231309,0.1491
MAGICC 6.0,CO2 (100 PgC),2070,23.81941,0.2304268,0.1487
MAGICC 6.0,CO2 (100 PgC),2071,23.77843,0.2295959,0.1483
MAGICC 6.0,CO2 (100 PgC),2072,23.73873,0.2288204,0.148
MAGICC 6.0,CO2 (100 PgC),2073,23.70013,0.2281037,0.1476
MAGICC 6.0,CO2 (100 PgC),2074,23.66246,0.2274422,0.1473
MAGICC 6.0,CO2 (100 PgC),2075,23.62559,0.2268337,0.147
MAGICC 6.0,CO2 (100 PgC),2076,23.58939,0.2262756,0.1468
MAGICC 6.0,CO2 (100 PgC),2077,23.55371,0.2257659,0.1465
MAGICC 6.0,CO2 (100 PgC),2078,23.51843,0.2253584,0.1462
MAGICC 6.0,CO2 (100 PgC),2079,23.48339,0.2250746,0.146
MAGICC 6.0,CO2 (100 PgC),2080,23.44853,0.2248472,0.1459
MAGICC 6.0,CO2 (100 PgC),2081,23.41376,0.224643,0.1457
MAGICC 6.0,CO2 (100 PgC),2082,23.37914,0.2244344,0.1457
MAGICC 6.0,CO2 (100 PgC),2083,23.34492,0.2241981,0.1455
MAGICC 6.0,CO2 (100 PgC),2084,23.31133,0.2239406,0.1454
MAGICC 6.0,CO2 (100 PgC),2085,23.2784,0.2236651,0.1454
MAGICC 6.0,CO2 (100 PgC),2086,23.24622,0.2233748,0.1452
MAGICC 6.0,CO2 (100 PgC),2087,23.2148,0.223072,0.1451
MAGICC 6.0,CO2 (100 PgC),2088,23.18417,0.222759,0.145
MAGICC 6.0,CO2 (100 PgC),2089,23.15436,0.2224374,0.1449
MAGICC 6.0,CO2 (100 PgC),2090,23.12535,0.2221087,0.1448
MAGICC 6.0,CO2 (100 PgC),2091,23.09716,0.2217741,0.1447
MAGICC 6.0,CO2 (100 PgC),2092,23.06978,0.2214348,0.1445
MAGICC 6.0,CO2 (100 PgC),2093,23.0432,0.2210916,0.1445
MAGICC 6.0,CO2 (100 PgC),2094,23.01742,0.2207455,0.1443
MAGICC 6.0,CO2 (100 PgC),2095,22.99245,0.2203973,0.1442
MAGICC 6.0,CO2 (100 PgC),2096,22.96826,0.2200474,0.1442
MAGICC 6.0,CO2 (100 PgC),2097,22.94484,0.2196966,0.1441
MAGICC 6.0,CO2 (100 PgC),2098,22.92216,0.2193452,0.1439
MAGICC 6.0,CO2 (100 PgC),2099,22.90024,0.2189937,0.1438
MAGICC 6.0,CO2 (100 PgC),2100,22.87903,0.2186424,0.1437
MAGICC 6.0,CO2 (100 PgC),2101,22.85855,0.2182918,0.1436
MAGICC 6.0,CO2 (100 PgC),2102,22.83874,0.2179526,0.1435
MAGICC 6.0,CO2 (100 PgC),2103,22.81944,0.2176341,0.1434
MAGICC 6.0,CO2 (100 PgC),2104,22.80055,0.2173339,0.1434
MAGICC 6.0,CO2 (100 PgC),2105,22.782,0.2170509,0.1432
MAGICC 6.0,CO2 (100 PgC),2106,22.76372,0.2167841,0.1431
MAGICC 6.0,CO2 (100 PgC),2107,22.74568,0.2165326,0.143
MAGICC 6.0,CO2 (100 PgC),2108,22.72782,0.2162955,0.143
MAGICC 6.0,CO2 (100 PgC),2109,22.71011,0.2160723,0.1429
MAGICC 6.0,CO2 (100 PgC),2110,22.69252,0.2158624,0.1429
MAGICC 6.0,CO2 (100 PgC),2111,22.67501,0.2156655,0.1428
MAGICC 6.0,CO2 (100 PgC),2112,22.65754,0.215478,0.1428
MAGICC 6.0,CO2 (100 PgC),2113,22.64015,0.2152973,0.1426
MAGICC 6.0,CO2 (100 PgC),2114,22.62282,0.2151234,0.1426
MAGICC 6.0,CO2 (100 PgC),2115,22.60555,0.2149565,0.1426
MAGICC 6.0,CO2 (100 PgC),2116,22.58832,0.2147966,0.1426
MAGICC 6.0,CO2 (100 PgC),2117,22.57112,0.2146435,0.1425
MAGICC 6.0,CO2 (100 PgC),2118,22.55393,0.2144973,0.1425
MAGICC 6.0,CO2 (100 PgC),2119,22.53674,0.2143576,0.1424
MAGICC 6.0,CO2 (100 PgC),2120,22.51953,0.2142247,0.1424
MAGICC 6.0,CO2 (100 PgC),2121,22.5023,0.2140983,0.1424
MAGICC 6.0,CO2 (100 PgC),2122,22.48504,0.2139741,0.1424
MAGICC 6.0,CO2 (100 PgC),2123,22.4678,0.2138483,0.1424
MAGICC 6.0,CO2 (100 PgC),2124,22.4506,0.2137219,0.1423
MAGICC 6.0,CO2 (100 PgC),2125,22.43343,0.2135952,0.1423
MAGICC 6.0,CO2 (100 PgC),2126,22.41634,0.2134685,0.1423
MAGICC 6.0,CO2 (100 PgC),2127,22.3993,0.213342,0.1423
MAGICC 6.0,CO2 (100 PgC),2128,22.38232,0.2132161,0.1423
MAGICC 6.0,CO2 (100 PgC),2129,22.3654,0.2130909,0.1422
MAGICC 6.0,CO2 (100 PgC),2130,22.34854,0.2129665,0.1422
MAGICC 6.0,CO2 (100 PgC),2131,22.33174,0.2128432,0.1422
MAGICC 6.0,CO2 (100 PgC),2132,22.315,0.21272,0.1422
MAGICC 6.0,CO2 (100 PgC),2133,22.29833,0.212597,0.1422
MAGICC 6.0,CO2 (100 PgC),2134,22.28173,0.2124742,0.1422
MAGICC 6.0,CO2 (100 PgC),2135,22.26519,0.2123516,0.1422
MAGICC 6.0,CO2 (100 PgC),2136,22.24872,0.2122296,0.1421
MAGICC 6.0,CO2 (100 PgC),2137,22.23232,0.2121082,0.1422
MAGICC 6.0,CO2 (100 PgC),2138,22.216,0.2119875,0.1421
MAGICC 6.0,CO2 (100 PgC),2139,22.19972,0.2118675,0.1421
MAGICC 6.0,CO2 (100 PgC),2140,22.18352,0.2117484,0.1421
MAGICC 6.0,CO2 (100 PgC),2141,22.16738,0.2116301,0.1421
MAGICC 6.0,CO2 (100 PgC),2142,22.15129,0.2115129,0.1421
MAGICC 6.0,CO2 (100 PgC),2143,22.13526,0.2113967,0.1421
MAGICC 6.0,CO2 (100 PgC),2144,22.11927,0.2112817,0.1421
MAGICC 6.0,CO2 (100 PgC),2145,22.10332,0.2111679,0.142
MAGICC 6.0,CO2 (100 PgC),2146,22.08744,0.2110552,0.1421
MAGICC 6.0,CO2 (100 PgC),2147,22.07157,0.2109438,0.142
MAGICC 6.0,CO2 (100 PgC),2148,22.05576,0.2108336,0.1421
MAGICC 6.0,CO2 (100 PgC),2149,22.03998,0.2107247,0.142
MAGICC 6.0,CO2 (100 PgC),2150,22.02424,0.2106116,0.142
MAGICC 6.0,CO2 (100 PgC),2151,22.0086,0.2104923,0.1421
MAGICC 6.0,CO2 (100 PgC),2152,21.9931,0.2103697,0.142
MAGICC 6.0,CO2 (100 PgC),2153,21.97771,0.210245,0.142
MAGICC 6.0,CO2 (100 PgC),2154,21.96244,0.210119,0.142
MAGICC 6.0,CO2 (100 PgC),2155,21.94728,0.2099922,0.1419
MAGICC 6.0,CO2 (100 PgC),2156,21.93225,0.2098652,0.1419
MAGICC 6.0,CO2 (100 PgC),2157,21.91731,0.2097383,0.1419
MAGICC 6.0,CO2 (100 PgC),2158,21.90248,0.2096118,0.1419
MAGICC 6.0,CO2 (100 PgC),2159,21.88775,0.2094856,0.1419
MAGICC 6.0,CO2 (100 PgC),2160,21.8731,0.2093599,0.1419
MAGICC 6.0,CO2 (100 PgC),2161,21.85855,0.2092344,0.1419
MAGICC 6.0,CO2 (100 PgC),2162,21.84409,0.2091095,0.1419
MAGICC 6.0,CO2 (100 PgC),2163,21.8297,0.2089853,0.1419
MAGICC 6.0,CO2 (100 PgC),2164,21.81541,0.2088617,0.1418
MAGICC 6.0,CO2 (100 PgC),2165,21.80119,0.2087387,0.1418
MAGICC 6.0,CO2 (100 PgC),2166,21.78704,0.2086164,0.1418
MAGICC 6.0,CO2 (100 PgC),2167,21.77297,0.2084947,0.1419
MAGICC 6.0,CO2 (100 PgC),2168,21.75898,0.2083737,0.1418
MAGICC 6.0,CO2 (100 PgC),2169,21.74505,0.2082533,0.1418
MAGICC 6.0,CO2 (100 PgC),2170,21.73119,0.2081335,0.1418
MAGICC 6.0,CO2 (100 PgC),2171,21.71739,0.2080144,0.1417
MAGICC 6.0,CO2 (100 PgC),2172,21.70366,0.2078959,0.1418
MAGICC 6.0,CO2 (100 PgC),2173,21.68999,0.2077779,0.1417
MAGICC 6.0,CO2 (100 PgC),2174,21.67639,0.2076603,0.1417
MAGICC 6.0,CO2 (100 PgC),2175,21.66284,0.2075434,0.1417
MAGICC 6.0,CO2 (100 PgC),2176,21.64935,0.207427,0.1417
MAGICC 6.0,CO2 (100 PgC),2177,21.63592,0.2073112,0.1417
MAGICC 6.0,CO2 (100 PgC),2178,21.62255,0.207196,0.1416
MAGICC 6.0,CO2 (100 PgC),2179,21.60923,0.2070812,0.1417
MAGICC 6.0,CO2 (100 PgC),2180,21.59595,0.2069671,0.1416
MAGICC 6.0,CO2 (100 PgC),2181,21.58274,0.2068536,0.1416
MAGICC 6.0,CO2 (100 PgC),2182,21.56958,0.2067405,0.1416
MAGICC 6.0,CO2 (100 PgC),2183,21.55646,0.2066278,0.1415
MAGICC 6.0,CO2 (100 PgC),2184,21.5434,0.2065155,0.1416
MAGICC 6.0,CO2 (100 PgC),2185,21.53038,0.2064036,0.1415
MAGICC 6.0,CO2 (100 PgC),2186,21.51741,0.2062921,0.1415
MAGICC 6.0,CO2 (100 PgC),2187,21.50449,0.2061811,0.1415
MAGICC 6.0,CO2 (100 PgC),2188,21.49161,0.2060705,0.1415
MAGICC 6.0,CO2 (100 PgC),2189,21.47878,0.2059603,0.1415
MAGICC 6.0,CO2 (100 PgC),2190,21.46599,0.2058507,0.1415
MAGICC 6.0,CO2 (100 PgC),2191,21.45325,0.2057415,0.1415
MAGICC 6.0,CO2 (100 PgC),2192,21.44054,0.2056327,0.1414
MAGICC 6.0,CO2 (100 PgC),2193,21.42788,0.2055242,0.1414
MAGICC 6.0,CO2 (100 PgC),2194,21.41526,0.2054159,0.1413
MAGICC 6.0,CO2 (100 PgC),2195,21.40268,0.2053081,0.1414
MAGICC 6.0,CO2 (100 PgC),2196,21.39014,0.2052005,0.1414
MAGICC 6.0,CO2 (100 PgC),2197,21.37765,0.2050933,0.1413
MAGICC 6.0,CO2 (100 PgC),2198,21.3652,0.2049865,0.1413
MAGICC 6.0,CO2 (100 PgC),2199,21.35278,0.20488,0.1413
MAGICC 6.0,CO2 (100 PgC),2200,21.34039,0.2047739,0.1413
MAGICC 6.0,CO2 (100 PgC),2201,21.32805,0.2046682,0.1412
MAGICC 6.0,CO2 (100 PgC),2202,21.31573,0.2045627,0.1413
MAGICC 6.0,CO2 (100 PgC),2203,21.30346,0.2044576,0.1412
MAGICC 6.0,CO2 (100 PgC),2204,21.29123,0.2043526,0.1412
MAGICC 6.0,CO2 (100 PgC),2205,21.27903,0.2042479,0.1412
MAGICC 6.0,CO2 (100 PgC),2206,21.26687,0.2041435,0.1411
MAGICC 6.0,CO2 (100 PgC),2207,21.25474,0.2040394,0.1411
MAGICC 6.0,CO2 (100 PgC),2208,21.24265,0.2039356,0.1411
MAGICC 6.0,CO2 (100 PgC),2209,21.23058,0.2038321,0.1411
MAGICC 6.0,CO2 (100 PgC),2210,21.21856,0.203729,0.1411
MAGICC 6.0,CO2 (100 PgC),2211,21.20656,0.203626,0.1411
MAGICC 6.0,CO2 (100 PgC),2212,21.1946,0.2035234,0.1411
MAGICC 6.0,CO2 (100 PgC),2213,21.18267,0.203421,0.1411
MAGICC 6.0,CO2 (100 PgC),2214,21.17078,0.2033188,0.1411
MAGICC 6.0,CO2 (100 PgC),2215,21.15891,0.2032168,0.141
MAGICC 6.0,CO2 (100 PgC),2216,21.14708,0.203115,0.141
MAGICC 6.0,CO2 (100 PgC),2217,21.13528,0.2030136,0.141
MAGICC 6.0,CO2 (100 PgC),2218,21.1235,0.2029123,0.141
MAGICC 6.0,CO2 (100 PgC),2219,21.11176,0.2028113,0.1409
MAGICC 6.0,CO2 (100 PgC),2220,21.10005,0.2027106,0.1409
MAGICC 6.0,CO2 (100 PgC),2221,21.08837,0.2026101,0.1409
MAGICC 6.0,CO2 (100 PgC),2222,21.07672,0.2025099,0.1409
MAGICC 6.0,CO2 (100 PgC),2223,21.06509,0.2024098,0.1409
MAGICC 6.0,CO2 (100 PgC),2224,21.05351,0.2023099,0.1408
MAGICC 6.0,CO2 (100 PgC),2225,21.04194,0.2022102,0.1409
MAGICC 6.0,CO2 (100 PgC),2226,21.0304,0.2021107,0.1409
MAGICC 6.0,CO2 (100 PgC),2227,21.0189,0.2020114,0.1408
MAGICC 6.0,CO2 (100 PgC),2228,21.00742,0.2019123,0.1408
MAGICC 6.0,CO2 (100 PgC),2229,20.99596,0.2018135,0.1408
MAGICC 6.0,CO2 (100 PgC),2230,20.98455,0.2017148,0.1407
MAGICC 6.0,CO2 (100 PgC),2231,20.97315,0.2016165,0.1407
MAGICC 6.0,CO2 (100 PgC),2232,20.96177,0.2015182,0.1407
MAGICC 6.0,CO2 (100 PgC),2233,20.95044,0.2014201,0.1407
MAGICC 6.0,CO2 (100 PgC),2234,20.93912,0.2013222,0.1407
MAGICC 6.0,CO2 (100 PgC),2235,20.92783,0.2012245,0.1407
MAGICC 6.0,CO2 (100 PgC),2236,20.91657,0.201127,0.1407
MAGICC 6.0,CO2 (100 PgC),2237,20.90534,0.2010296,0.1406
MAGICC 6.0,CO2 (100 PgC),2238,20.89413,0.2009325,0.1406
MAGICC 6.0,CO2 (100 PgC),2239,20.88294,0.2008355,0.1406
MAGICC 6.0,CO2 (100 PgC),2240,20.87178,0.2007388,0.1406
MAGICC 6.0,CO2 (100 PgC),2241,20.86065,0.2006422,0.1405
MAGICC 6.0,CO2 (100 PgC),2242,20.84955,0.2005458,0.1405
MAGICC 6.0,CO2 (100 PgC),2243,20.83846,0.2004496,0.1405
MAGICC 6.0,CO2 (100 PgC),2244,20.82741,0.2003535,0.1405
MAGICC 6.0,CO2 (100 PgC),2245,20.81637,0.2002575,0.1404
MAGICC 6.0,CO2 (100 PgC),2246,20.80536,0.2001618,0.1405
MAGICC 6.0,CO2 (100 PgC),2247,20.79438,0.2000661,0.1404
MAGICC 6.0,CO2 (100 PgC),2248,20.78342,0.1999706,0.1404
MAGICC 6.0,CO2 (100 PgC),2249,20.77248,0.1998754,0.1404
MAGICC 6.0,CO2 (100 PgC),2250,20.76702,0.1998279,0.1404
MAGICC 6.0,CO2 (100 PgC),2251,20.76702,0.1998279,0.1404
MAGICC 6.0,CO2 (100 PgC),2252,20.76702,0.1998279,0.1404
MAGICC 6.0,CO2 (100 PgC),2253,20.76702,0.1998279,0.1404
MAGICC 6.0,CO2 (100 PgC),2254,20.76702,0.1998279,0.1404
MAGICC 6.0,CO2 (100 PgC),2255,20.76702,0.1998279,0.1404
MAGICC 6.0,CO2 (100 PgC),2256,20.76702,0.1998279,0.1405
MAGICC 6.0,CO2 (100 PgC),2257,20.76702,0.1998279,0.1405
MAGICC 6.0,CO2 (100 PgC),2258,20.76702,0.1998279,0.1405
MAGICC 6.0,CO2 (100 PgC),2259,20.76702,0.1998279,0.1405
MAGICC 6.0,CO2 (100 PgC),2260,20.76702,0.1998279,0.1406
MAGICC 6.0,CO2 (100 PgC),2261,20.76702,0.1998279,0.1405
MAGICC 6.0,CO2 (100 PgC),2262,20.76702,0.1998279,0.1406
MAGICC 6.0,CO2 (100 PgC),2263,20.76702,0.1998279,0.1406
MAGICC 6.0,CO2 (100 PgC),2264,20.76702,0.1998279,0.1406
MAGICC 6.0,CO2 (100 PgC),2265,20.76702,0.1998279,0.1406
MAGICC 6.0,CO2 (100 PgC),2266,20.76702,0.1998279,0.1407
MAGICC 6.0,CO2 (100 PgC),2267,20.76702,0.1998279,0.1407
MAGICC 6.0,CO2 (100 PgC),2268,20.76702,0.1998279,0.1407
MAGICC 6.0,CO2 (100 PgC),2269,20.76702,0.1998279,0.1407
MAGICC 6.0,CO2 (100 PgC),2270,20.76702,0.1998279,0.1408
MAGICC 6.0,CO2 (100 PgC),2271,20.76702,0.1998279,0.1408
MAGICC 6.0,CO2 (100 PgC),2272,20.76702,0.1998279,0.1408
MAGICC 6.0,CO2 (100 PgC),2273,20.76702,0.1998279,0.1409
MAGICC 6.0,CO2 (100 PgC),2274,20.76702,0.1998279,0.1409
MAGICC 6.0,CO2 (100 PgC),2275,20.76702,0.1998279,0.1409
MAGICC 6.0,CO2 (100 PgC),2276,20.76702,0.1998279,0.141
MAGICC 6.0,CO2 (100 PgC),2277,20.76702,0.1998279,0.141
MAGICC 6.0,CO2 (100 PgC),2278,20.76702,0.1998279,0.141
MAGICC 6.0,CO2 (100 PgC),2279,20.76702,0.1998279,0.141
MAGICC 6.0,CO2 (100 PgC),2280,20.76702,0.1998279,0.141
MAGICC 6.0,CO2 (100 PgC),2281,20.76702,0.1998279,0.141
MAGICC 6.0,CO2 (100 PgC),2282,20.76702,0.1998279,0.1411
MAGICC 6.0,CO2 (100 PgC),2283,20.76702,0.1998279,0.1411
MAGICC 6.0,CO2 (100 PgC),2284,20.76702,0.1998279,0.1412
MAGICC 6.0,CO2 (100 PgC),2285,20.76702,0.1998279,0.1412
MAGICC 6.0,CO2 (100 PgC),2286,20.76702,0.1998279,0.1412
MAGICC 6.0,CO2 (100 PgC),2287,20.76702,0.1998279,0.1413
MAGICC 6.0,CO2 (100 PgC),2288,20.76702,0.1998279,0.1413
MAGICC 6.0,CO2 (100 PgC),2289,20.76702,0.1998279,0.1413
MAGICC 6.0,CO2 (100 PgC),2290,20.76702,0.1998279,0.1413
MAGICC 6.0,CO2 (100 PgC),2291,20.76702,0.1998279,0.1413
MAGICC 6.0,CO2 (100 PgC),2292,20.76702,0.1998279,0.1413
MAGICC 6.0,CO2 (100 PgC),2293,20.76702,0.1998279,0.1414
MAGICC 6.0,CO2 (100 PgC),2294,20.76702,0.1998279,0.1414
MAGICC 6.0,CO2 (100 PgC),2295,20.76702,0.1998279,0.1415
MAGICC 6.0,CO2 (100 PgC),2296,20.76702,0.1998279,0.1414
MAGICC 6.0,CO2 (100 PgC),2297,20.76702,0.1998279,0.1415
MAGICC 6.0,CO2 (100 PgC),2298,20.76702,0.1998279,0.1416
MAGICC 6.0,CO2 (100 PgC),2299,20.76702,0.1998279,0.1415
MAGICC 6.0,CO2 (100 PgC),2300,20.76702,0.1998279,0.1416
