511,,,DO NOT CHANGE(other than pasting in a new reference scenario.),,,,,,,,,,,,,,,,,,
BCOC-Red,,,,,,,,,,,,,,,,,,,,,
,,,This is used as the base emissions for Ref cases,,,,,,,,,,,,,,,,,,
,Fos CO2,CO2NetLandUse,CH4,N2O,SOXreg1,SOXreg2,SOXreg3,CF4,C2F6,HFC125,HFC134a,HFC143a,HFC227ea,HFC245ca,SF6,NOx,NMVOCs,CO,BC,OC,
Year,(Pg C),(Pg C),(Tg),(Tg N),(Tg S),(Tg S),(Tg S),(kton),(kton),(kton),(kton),(kton),(kton),(kton),(kton),(Mt N),(Mt),(Mt),(Gg),(Gg),blank line
1990,6.144,1.3194833,340.63499,7.5856812,32.5301,16.2153,15.2031,11.997683,2.0735678,0.18594167,1.0101542,0.88920979,0,0,5.5207695,37.835424,222.61908,1099.0096,7715.8575,35019.969,
1991,6.235,1.3809799,336.59218,7.4023631,30.6653,16.5653,15.3995,11.997905,2.3729101,0.19092079,2.1776448,0.90261206,0.004710024,0,5.7843959,37.868111,221.41947,1095.9087,7724.7518,35072.322,
1992,6.118,1.3035304,332.54937,7.7989323,28.3951,16.4187,15.7265,11.998111,2.3731469,0.28889991,4.2079892,1.6286536,0.004710028,0,5.7861962,37.900799,220.21986,1092.8078,7733.646,35124.675,
1993,6.124,1.2981006,328.50656,7.3131034,26.9472,16.847,15.6468,11.998354,2.3733837,0.3768163,8.4161579,2.3685965,0.18499007,0,6.3118123,37.933487,219.02026,1089.707,7742.5403,35177.028,
1994,6.242,1.2895956,324.46375,7.5072841,25.4668,17.0152,15.8613,11.998587,2.3736205,1.8251048,21.399077,3.8347584,0.1819901,0,5.0042369,37.966174,217.82065,1086.6061,7751.4345,35229.381,
1995,6.372,1.2750104,320.42094,7.6191035,23.4804,17.8622,15.8437,10.501674,2.3738573,2.9802177,29.726101,6.0409628,0.099994794,0,6.0534232,37.998862,216.62104,1083.5052,7760.3288,35281.735,
1996,6.51,1.2511025,316.37814,7.6520638,22.6818,18.1665,16.0813,11.999071,2.3740941,3.4188812,40.584859,6.1499876,0.43697783,0,6.0553054,38.03155,215.42143,1080.4043,7769.223,35334.088,
1997,6.619,1.2181397,312.33533,7.9097526,22.4491,17.628,16.2998,11.999322,2.3743309,5.354049,50.643567,6.2587493,0.40797848,0,4.4857403,38.064237,214.22182,1077.3034,7778.1173,35386.441,
1998,6.588,1.2148431,308.29252,7.8957263,21.7508,17.4672,16.1989,11.999575,2.3745677,7.2031812,59.652126,6.3676829,0.92795208,0,4.7490393,38.096925,213.02222,1074.2026,7787.0115,35438.794,
1999,6.569,1.1827892,304.24971,7.5269849,20.356,17.0044,16.0355,10.502692,2.3748045,8.1531677,67.043997,6.4775249,1.35393,0,6.3219597,38.129612,211.82261,1071.1017,7795.9058,35491.147,
2000,6.735,1.1488,300.2069,7.4566,19.5551,17.5661,16.3756,12.0001,2.3749,8.5381,75.0393,6.234,1.9509,17.9257,5.5382,38.1623,210.623,1068.0008,7804.8,35543.5,
2001,6.8959,1.132,303.4092,7.503,19.2187,17.984,16.2932,11.925,2.4345,9.0301,84.0409,7.4947,1.6449,19.7183,5.699,38.2888,211.5938,1066.7448,7894.5,35714.3,
2002,6.949,1.2317,306.5788,7.5487,18.4069,18.5504,15.8549,11.8481,2.4915,9.8852,94.7161,8.7389,2.508,21.5109,5.8596,38.4153,212.5632,1065.4691,7984.2,35884.5,
2003,7.286,1.2257,309.7164,7.5942,18.4181,19.9903,15.5687,11.7693,2.5463,12.0788,101.4157,9.9776,3.341,23.3035,6.0201,38.5418,213.5311,1064.1741,8073.4,36054.3,
2004,7.6719,1.2429,312.824,7.6394,18.1031,22.024,15.7751,11.6885,2.599,12.5073,113.9297,11.2136,4.269,25.096,6.1805,38.6684,214.4977,1062.8596,8162.3,36223.2,
2005,7.971,1.1955,315.9027,7.6841,18.0322,23.8057,15.9899,11.6059,2.6494,13.7591,120.9334,12.4483,4.8901,26.8885,6.3407,38.7948,215.4628,1061.5255,8251.2,36391.7,
2006,8.0985,1.1385,317.2396,7.721,15.0072,35.0399,13.9389,11.411,2.5813,14.4509,121.0746,12.7893,5.1614,31.23,6.4709,38.5859,214.0518,1057.0145,8224.5,35995.2,
2007,8.226,1.0815,318.5722,7.7579,14.4839,35.3822,13.8085,11.2139,2.5131,15.1335,129.6223,13.1314,5.4292,35.5714,6.6013,38.3772,212.6378,1052.4683,8197.7,35598,
2008,8.3531333,1.0245333,319.8964,7.7946667,13.9605,35.7246,13.6781,11.012133,2.4452667,15.798,133.99193,13.4753,5.6901667,39.912933,6.286,38.168667,211.21813,1047.8519,8170.8667,35199.467,
2009,8.4802667,0.96756667,321.2206,7.8314333,13.4371,36.0669,13.5477,10.810367,2.3774333,16.4625,138.36157,13.8192,5.9511333,44.254467,5.9707,37.960133,209.79847,1043.2354,8144.0333,34800.933,
2010,12.9111,0.9106,322.5448,7.8682,12.9138,36.4093,13.4174,10.6086,2.3096,17.127,142.7312,14.1631,6.2121,48.596,5.6554,37.7516,208.3788,1038.619,8117.2,34402.4,
2011,8.73381,0.85362,323.84112,7.90492,12.3904,36.7516,13.287,10.3919,2.24289,18.54246,147.40164,14.51343,5.65092,52.93749,5.34014,37.54386,206.94006,1033.7724,8090.02,33999.19,
2012,8.86022,0.79664,325.13744,7.94164,12.0178,36.3883,13.0939,10.1752,2.17618,19.95792,152.07208,14.86376,5.08974,57.27898,5.02488,37.33612,205.50132,1028.9259,8062.84,33595.98,
2013,8.98663,0.73966,326.43376,7.97836,11.6452,36.025,12.9008,9.9585,2.10947,21.37338,156.74252,15.21409,4.52856,61.62047,4.70962,37.12838,204.06258,1024.0793,8035.66,33192.77,
2014,9.11304,0.68268,327.73008,8.01508,11.2726,35.6616,12.7076,9.7418,2.04276,22.78884,161.41296,15.56442,3.96738,65.96196,4.39436,36.92064,202.62384,1019.2328,8008.48,32789.56,
2015,9.23945,0.6257,329.0264,8.0518,10.9,35.2983,12.5145,9.5251,1.97605,24.2043,166.0834,15.91475,3.4062,70.30345,4.0791,36.7129,201.1851,1014.3863,7981.3,32386.35,
2016,9.36586,0.56872,330.32272,8.08852,10.5274,34.935,12.3214,9.3084,1.90934,25.61976,170.75384,16.26508,2.84502,74.64494,3.76384,36.50516,199.74636,1009.5397,7954.12,31983.14,
2017,9.49227,0.51174,331.61904,8.12524,10.3126,34.7261,12.3954,9.0917,1.84263,27.03522,175.42428,16.61541,2.28384,78.98643,3.44858,36.29742,198.30762,1004.6932,7926.94,31579.93,
2018,9.61868,0.45476,332.91536,8.16196,10.0978,34.5172,12.4693,8.875,1.77592,28.45068,180.09472,16.96574,1.72266,83.32792,3.13332,36.08968,196.86888,999.8466,7899.76,31176.72,
2019,9.74509,0.39778,334.21168,8.19868,9.883,34.3083,12.5432,8.6583,1.70921,29.86614,184.76516,17.31607,1.16148,87.66941,2.81806,35.88194,195.43014,995.00005,7872.58,30773.51,
2020,9.8715,0.3408,335.508,8.2354,9.6682,34.0994,12.6171,8.4416,1.6425,31.2816,189.4356,17.6664,0.6003,92.0109,2.5028,35.6742,193.9914,990.1535,7845.4,30370.3,
2021,9.97968,0.32835,335.85701,8.26904,9.4534,33.8905,12.691,8.442,1.65926,31.32967,191.31961,17.94569,0.56612,92.38631,2.54361,35.58304,194.87285,990.11353,7794.87,30241.1,
2022,10.08786,0.3159,336.20602,8.30268,9.266,33.6192,12.724,8.4424,1.67602,31.37774,193.20362,18.22498,0.53194,92.76172,2.58442,35.49188,195.7543,990.07356,7744.34,30111.9,
2023,10.19604,0.30345,336.55503,8.33632,9.0786,33.348,12.757,8.4428,1.69278,31.42581,195.08763,18.50427,0.49776,93.13713,2.62523,35.40072,196.63575,990.03359,7693.81,29982.7,
2024,10.30422,0.291,336.90404,8.36996,8.8912,33.0767,12.79,8.4432,1.70954,31.47388,196.97164,18.78356,0.46358,93.51254,2.66604,35.30956,197.5172,989.99362,7643.28,29853.5,
2025,10.4124,0.27855,337.25305,8.4036,8.7039,32.8054,12.823,8.4436,1.7263,31.52195,198.85565,19.06285,0.4294,93.88795,2.70685,35.2184,198.39865,989.95365,7592.75,29724.3,
2026,10.52058,0.2661,337.60206,8.43724,8.5165,32.5341,12.856,8.444,1.74306,31.57002,200.73966,19.34214,0.39522,94.26336,2.74766,35.12724,199.2801,989.91368,7542.22,29595.1,
2027,10.62876,0.25365,337.95107,8.47088,8.3776,32.2807,12.8874,8.4444,1.75982,31.61809,202.62367,19.62143,0.36104,94.63877,2.78847,35.03608,200.16155,989.87371,7491.69,29465.9,
2028,10.73694,0.2412,338.30008,8.50452,8.2387,32.0274,12.9189,8.4448,1.77658,31.66616,204.50768,19.90072,0.32686,95.01418,2.82928,34.94492,201.043,989.83374,7441.16,29336.7,
2029,10.84512,0.22875,338.64909,8.53816,8.0998,31.774,12.9504,8.4452,1.79334,31.71423,206.39169,20.18001,0.29268,95.38959,2.87009,34.85376,201.92445,989.79377,7390.63,29207.5,
2030,10.9533,0.2163,338.9981,8.5718,7.9609,31.5206,12.9818,8.4456,1.8101,31.7623,208.2757,20.4593,0.2585,95.765,2.9109,34.7626,202.8059,989.7538,7340.1,29078.3,
2031,10.99177,0.21454,338.85573,8.58349,7.8221,31.2672,13.0133,8.46737,1.8237,31.72409,210.39103,20.74256,0.25838,95.88014,2.95352,34.54297,202.69076,985.80309,7284.6,28959.54,
2032,11.03024,0.21278,338.71336,8.59518,7.6935,31.0282,13.0574,8.48914,1.8373,31.68588,212.50636,21.02582,0.25826,95.99528,2.99614,34.32334,202.57562,981.85238,7229.1,28840.78,
2033,11.06871,0.21102,338.57099,8.60687,7.565,30.7893,13.1016,8.51091,1.8509,31.64767,214.62169,21.30908,0.25814,96.11042,3.03876,34.10371,202.46048,977.90167,7173.6,28722.02,
2034,11.10718,0.20926,338.42862,8.61856,7.4365,30.5503,13.1458,8.53268,1.8645,31.60946,216.73702,21.59234,0.25802,96.22556,3.08138,33.88408,202.34534,973.95096,7118.1,28603.26,
2035,11.14565,0.2075,338.28625,8.63025,7.3079,30.3113,13.1899,8.55445,1.8781,31.57125,218.85235,21.8756,0.2579,96.3407,3.124,33.66445,202.2302,970.00025,7062.6,28484.5,
2036,11.18412,0.20574,338.14388,8.64194,7.1794,30.0724,13.2341,8.57622,1.8917,31.53304,220.96768,22.15886,0.25778,96.45584,3.16662,33.44482,202.11506,966.04954,7007.1,28365.74,
2037,11.22259,0.20398,338.00151,8.65363,7.0794,29.7982,13.2967,8.59799,1.9053,31.49483,223.08301,22.44212,0.25766,96.57098,3.20924,33.22519,201.99992,962.09883,6951.6,28246.98,
2038,11.26106,0.20222,337.85914,8.66532,6.9794,29.5241,13.3593,8.61976,1.9189,31.45662,225.19834,22.72538,0.25754,96.68612,3.25186,33.00556,201.88478,958.14812,6896.1,28128.22,
2039,11.29953,0.20046,337.71677,8.67701,6.8793,29.25,13.4219,8.64153,1.9325,31.41841,227.31367,23.00864,0.25742,96.80126,3.29448,32.78593,201.76964,954.19741,6840.6,28009.46,
2040,11.338,0.1987,337.5744,8.6887,6.7793,28.9758,13.4846,8.6633,1.9461,31.3802,229.429,23.2919,0.2573,96.9164,3.3371,32.5663,201.6545,950.2467,6785.1,27890.7,
2041,11.30733,0.20369,336.95066,8.67866,6.6793,28.7017,13.5472,8.71054,1.95661,31.31317,231.78318,23.57453,0.24048,96.77125,3.38154,32.21797,200.55337,942.49931,6724.54,27782.33,
2042,11.27666,0.20868,336.32692,8.66862,6.5909,28.4172,13.6253,8.75778,1.96712,31.24614,234.13736,23.85716,0.22366,96.6261,3.42598,31.86964,199.45224,934.75192,6663.98,27673.96,
2043,11.24599,0.21367,335.70318,8.65858,6.5025,28.1326,13.7034,8.80502,1.97763,31.17911,236.49154,24.13979,0.20684,96.48095,3.47042,31.52131,198.35111,927.00453,6603.42,27565.59,
2044,11.21532,0.21866,335.07944,8.64854,6.4141,27.8481,13.7815,8.85226,1.98814,31.11208,238.84572,24.42242,0.19002,96.3358,3.51486,31.17298,197.24998,919.25714,6542.86,27457.22,
2045,11.18465,0.22365,334.4557,8.6385,6.3256,27.5635,13.8596,8.8995,1.99865,31.04505,241.1999,24.70505,0.1732,96.19065,3.5593,30.82465,196.14885,911.50975,6482.3,27348.85,
2046,11.15398,0.22864,333.83196,8.62846,6.2372,27.279,13.9377,8.94674,2.00916,30.97802,243.55408,24.98768,0.15638,96.0455,3.60374,30.47632,195.04772,903.76236,6421.74,27240.48,
2047,11.12331,0.23363,333.20822,8.61842,6.1786,27.0667,14.0473,8.99398,2.01967,30.91099,245.90826,25.27031,0.13956,95.90035,3.64818,30.12799,193.94659,896.01497,6361.18,27132.11,
2048,11.09264,0.23862,332.58448,8.60838,6.1199,26.8544,14.157,9.04122,2.03018,30.84396,248.26244,25.55294,0.12274,95.7552,3.69262,29.77966,192.84546,888.26758,6300.62,27023.74,
2049,11.06197,0.24361,331.96074,8.59834,6.0612,26.6421,14.2667,9.08846,2.04069,30.77693,250.61662,25.83557,0.10592,95.61005,3.73706,29.43133,191.74433,880.52019,6240.06,26915.37,
2050,11.0313,0.2486,331.337,8.5883,6.0026,26.4298,14.3764,9.1357,2.0512,30.7099,252.9708,26.1182,0.0891,95.4649,3.7815,29.083,190.6432,872.7728,6179.5,26807,
2051,10.86829,0.24215,329.96427,8.58011,5.9439,26.2176,14.4861,9.11255,2.04957,30.26107,252.01802,26.06031,0.08327,94.54597,3.83266,28.72999,189.56776,863.3512,6114.69,26615.15,
2052,10.70528,0.2357,328.59154,8.57192,5.8978,26.0294,14.6444,9.0894,2.04794,29.81224,251.06524,26.00242,0.07744,93.62704,3.88382,28.37698,188.49232,853.9296,6049.88,26423.3,
2053,10.54227,0.22925,327.21881,8.56373,5.8518,25.8412,14.8027,9.06625,2.04631,29.36341,250.11246,25.94453,0.07161,92.70811,3.93498,28.02397,187.41688,844.508,5985.07,26231.45,
2054,10.37926,0.2228,325.84608,8.55554,5.8057,25.6531,14.961,9.0431,2.04468,28.91458,249.15968,25.88664,0.06578,91.78918,3.98614,27.67096,186.34144,835.0864,5920.26,26039.6,
2055,10.21625,0.21635,324.47335,8.54735,5.7597,25.4649,15.1193,9.01995,2.04305,28.46575,248.2069,25.82875,0.05995,90.87025,4.0373,27.31795,185.266,825.6648,5855.45,25847.75,
2056,10.05324,0.2099,323.10062,8.53916,5.7136,25.2767,15.2777,8.9968,2.04142,28.01692,247.25412,25.77086,0.05412,89.95132,4.08846,26.96494,184.19056,816.2432,5790.64,25655.9,
2057,9.89023,0.20345,321.72789,8.53097,5.6702,25.0798,15.4117,8.97365,2.03979,27.56809,246.30134,25.71297,0.04829,89.03239,4.13962,26.61193,183.11512,806.8216,5725.83,25464.05,
2058,9.72722,0.197,320.35516,8.52278,5.6269,24.883,15.5457,8.9505,2.03816,27.11926,245.34856,25.65508,0.04246,88.11346,4.19078,26.25892,182.03968,797.4,5661.02,25272.2,
2059,9.56421,0.19055,318.98243,8.51459,5.5835,24.6861,15.6797,8.92735,2.03653,26.67043,244.39578,25.59719,0.03663,87.19453,4.24194,25.90591,180.96424,787.9784,5596.21,25080.35,
2060,9.4012,0.1841,317.6097,8.5064,5.5401,24.4892,15.8138,8.9042,2.0349,26.2216,243.443,25.5393,0.0308,86.2756,4.2931,25.5529,179.8888,778.5568,5531.4,24888.5,
2061,9.1729,0.17607,315.92522,8.49168,5.4967,24.2923,15.9478,8.91416,2.0301,25.99838,244.90395,25.78992,0.02989,85.73583,4.35328,25.2186,178.54508,768.06528,5463.37,24674.92,
2062,8.9446,0.16804,314.24074,8.47696,5.4523,24.0955,16.0964,8.92412,2.0253,25.77516,246.3649,26.04054,0.02898,85.19606,4.41346,24.8843,177.20136,757.57376,5395.34,24461.34,
2063,8.7163,0.16001,312.55626,8.46224,5.4079,23.8987,16.2451,8.93408,2.0205,25.55194,247.82585,26.29116,0.02807,84.65629,4.47364,24.55,175.85764,747.08224,5327.31,24247.76,
2064,8.488,0.15198,310.87178,8.44752,5.3634,23.7019,16.3937,8.94404,2.0157,25.32872,249.2868,26.54178,0.02716,84.11652,4.53382,24.2157,174.51392,736.59072,5259.28,24034.18,
2065,8.2597,0.14395,309.1873,8.4328,5.319,23.5051,16.5424,8.954,2.0109,25.1055,250.74775,26.7924,0.02625,83.57675,4.594,23.8814,173.1702,726.0992,5191.25,23820.6,
2066,8.0314,0.13592,307.50282,8.41808,5.2746,23.3083,16.691,8.96396,2.0061,24.88228,252.2087,27.04302,0.02534,83.03698,4.65418,23.5471,171.82648,715.60768,5123.22,23607.02,
2067,7.8031,0.12789,305.81834,8.40336,5.1978,22.9832,16.8044,8.97392,2.0013,24.65906,253.66965,27.29364,0.02443,82.49721,4.71436,23.2128,170.48276,705.11616,5055.19,23393.44,
2068,7.5748,0.11986,304.13386,8.38864,5.1211,22.6581,16.9178,8.98388,1.9965,24.43584,255.1306,27.54426,0.02352,81.95744,4.77454,22.8785,169.13904,694.62464,4987.16,23179.86,
2069,7.3465,0.11183,302.44938,8.37392,5.0444,22.333,17.0312,8.99384,1.9917,24.21262,256.59155,27.79488,0.02261,81.41767,4.83472,22.5442,167.79532,684.13312,4919.13,22966.28,
2070,7.1182,0.1038,300.7649,8.3592,4.9677,22.0079,17.1446,9.0038,1.9869,23.9894,258.0525,28.0455,0.0217,80.8779,4.8949,22.2099,166.4516,673.6416,4851.1,22752.7,
2071,6.82459,0.0942,298.76876,8.33796,4.8909,21.6828,17.258,9.04993,1.97901,23.94406,262.30888,28.61994,0.02131,80.71735,4.96411,21.89432,164.83958,662.0793,4779.84,22517.4,
2072,6.53098,0.0846,296.77262,8.31672,4.8577,21.5283,17.3898,9.09606,1.97112,23.89872,266.56526,29.19438,0.02092,80.5568,5.03332,21.57874,163.22756,650.517,4708.58,22282.1,
2073,6.23737,0.075,294.77648,8.29548,4.8245,21.3738,17.5216,9.14219,1.96323,23.85338,270.82164,29.76882,0.02053,80.39625,5.10253,21.26316,161.61554,638.9547,4637.32,22046.8,
2074,5.94376,0.0654,292.78034,8.27424,4.7913,21.2192,17.6534,9.18832,1.95534,23.80804,275.07802,30.34326,0.02014,80.2357,5.17174,20.94758,160.00352,627.3924,4566.06,21811.5,
2075,5.65015,0.0558,290.7842,8.253,4.758,21.0647,17.7852,9.23445,1.94745,23.7627,279.3344,30.9177,0.01975,80.07515,5.24095,20.632,158.3915,615.8301,4494.8,21576.2,
2076,5.35654,0.0462,288.78806,8.23176,4.7248,20.9102,17.917,9.28058,1.93956,23.71736,283.59078,31.49214,0.01936,79.9146,5.31016,20.31642,156.77948,604.2678,4423.54,21340.9,
2077,5.06293,0.0366,286.79192,8.21052,4.6984,20.7114,18.0425,9.32671,1.93167,23.67202,287.84716,32.06658,0.01897,79.75405,5.37937,20.00084,155.16746,592.7055,4352.28,21105.6,
2078,4.76932,0.027,284.79578,8.18928,4.6721,20.5126,18.168,9.37284,1.92378,23.62668,292.10354,32.64102,0.01858,79.5935,5.44858,19.68526,153.55544,581.1432,4281.02,20870.3,
2079,4.47571,0.0174,282.79964,8.16804,4.6457,20.3139,18.2935,9.41897,1.91589,23.58134,296.35992,33.21546,0.01819,79.43295,5.51779,19.36968,151.94342,569.5809,4209.76,20635,
2080,4.1821,0.0078,280.8035,8.1468,4.6193,20.1151,18.419,9.4651,1.908,23.536,300.6163,33.7899,0.0178,79.2724,5.587,19.0541,150.3314,558.0186,4138.5,20399.7,
2081,4.18314,0.00973,280.06659,8.14506,4.593,19.9164,18.5445,9.57675,1.91453,23.53444,305.85507,34.4037,0.01759,79.4532,5.62936,19.0042,149.81652,553.9826,4124.67,20349.75,
2082,4.18418,0.01166,279.32968,8.14332,4.5731,19.7634,18.6606,9.6884,1.92106,23.53288,311.09384,35.0175,0.01738,79.634,5.67172,18.9543,149.30164,549.9466,4110.84,20299.8,
2083,4.18522,0.01359,278.59277,8.14158,4.5532,19.6105,18.7768,9.80005,1.92759,23.53132,316.33261,35.6313,0.01717,79.8148,5.71408,18.9044,148.78676,545.9106,4097.01,20249.85,
2084,4.18626,0.01552,277.85586,8.13984,4.5333,19.4575,18.893,9.9117,1.93412,23.52976,321.57138,36.2451,0.01696,79.9956,5.75644,18.8545,148.27188,541.8746,4083.18,20199.9,
2085,4.1873,0.01745,277.11895,8.1381,4.5135,19.3046,19.0092,10.02335,1.94065,23.5282,326.81015,36.8589,0.01675,80.1764,5.7988,18.8046,147.757,537.8386,4069.35,20149.95,
2086,4.18834,0.01938,276.38204,8.13636,4.4936,19.1516,19.1254,10.135,1.94718,23.52664,332.04892,37.4727,0.01654,80.3572,5.84116,18.7547,147.24212,533.8026,4055.52,20100,
2087,4.18938,0.02131,275.64513,8.13462,4.4817,19.0184,19.2161,10.24665,1.95371,23.52508,337.28769,38.0865,0.01633,80.538,5.88352,18.7048,146.72724,529.7666,4041.69,20050.05,
2088,4.19042,0.02324,274.90822,8.13288,4.4698,18.8852,19.3068,10.3583,1.96024,23.52352,342.52646,38.7003,0.01612,80.7188,5.92588,18.6549,146.21236,525.7306,4027.86,20000.1,
2089,4.19146,0.02517,274.17131,8.13114,4.4579,18.752,19.3975,10.46995,1.96677,23.52196,347.76523,39.3141,0.01591,80.8996,5.96824,18.605,145.69748,521.6946,4014.03,19950.15,
2090,4.1925,0.0271,273.4344,8.1294,4.4461,18.6187,19.4882,10.5816,1.9733,23.5204,353.004,39.9279,0.0157,81.0804,6.0106,18.5551,145.1826,517.6586,4000.2,19900.2,
2091,4.19355,0.02902,272.69682,8.12762,4.4342,18.4855,19.5788,10.66307,1.98218,23.469,358.61111,40.56215,0.01555,81.2612,6.05297,18.50518,144.66772,513.6227,3986.39,19850.23,
2092,4.1946,0.03094,271.95924,8.12584,4.4235,18.4004,19.6758,10.74454,1.99106,23.4176,364.21822,41.1964,0.0154,81.442,6.09534,18.45526,144.15284,509.5868,3972.58,19800.26,
2093,4.19565,0.03286,271.22166,8.12406,4.4129,18.3152,19.7728,10.82601,1.99994,23.3662,369.82533,41.83065,0.01525,81.6228,6.13771,18.40534,143.63796,505.5509,3958.77,19750.29,
2094,4.1967,0.03478,270.48408,8.12228,4.4023,18.23,19.8698,10.90748,2.00882,23.3148,375.43244,42.4649,0.0151,81.8036,6.18008,18.35542,143.12308,501.515,3944.96,19700.32,
2095,4.19775,0.0367,269.7465,8.1205,4.3916,18.1449,19.9667,10.98895,2.0177,23.2634,381.03955,43.09915,0.01495,81.9844,6.22245,18.3055,142.6082,497.4791,3931.15,19650.35,
2096,4.1988,0.03862,269.00892,8.11872,4.381,18.0597,20.0637,11.07042,2.02658,23.212,386.64666,43.7334,0.0148,82.1652,6.26482,18.25558,142.09332,493.4432,3917.34,19600.38,
2097,4.19985,0.04054,268.27134,8.11694,4.381,18.0597,20.0637,11.15189,2.03546,23.1606,392.25377,44.36765,0.01465,82.346,6.30719,18.20566,141.57844,489.4073,3903.53,19550.41,
2098,4.2009,0.04246,267.53376,8.11516,4.381,18.0597,20.0637,11.23336,2.04434,23.1092,397.86088,45.0019,0.0145,82.5268,6.34956,18.15574,141.06356,485.3714,3889.72,19500.44,
2099,4.20195,0.04438,266.79618,8.11338,4.381,18.0597,20.0637,11.31483,2.05322,23.0578,403.46799,45.63615,0.01435,82.7076,6.39193,18.10582,140.54868,481.3355,3875.91,19450.47,
2100,4.203,0.0463,266.0586,8.1116,4.381,18.0597,20.0637,11.3963,2.0621,23.0064,409.0751,46.2704,0.0142,82.8884,6.4343,18.0559,140.0338,477.2996,3862.1,19400.5,
2101,4.09086,0.04445,266.0588,8.08938,4.381,18.0597,20.0637,11.16938,2.02147,23.0064,408.8936,46.045,0.01423,82.8884,6.30908,18.0559,140.0338,477.2996,3862.1,19400.5,
2102,3.97872,0.0426,266.059,8.06716,4.381,18.0597,20.0637,10.94246,1.98084,23.0064,408.7121,45.8196,0.01426,82.8884,6.18386,18.0559,140.0338,477.2996,3862.1,19400.5,
2103,3.86658,0.04075,266.0592,8.04494,4.381,18.0597,20.0637,10.71554,1.94021,23.0064,408.5306,45.5942,0.01429,82.8884,6.05864,18.0559,140.0338,477.2996,3862.1,19400.5,
2104,3.75444,0.0389,266.0594,8.02272,4.381,18.0597,20.0637,10.48862,1.89958,23.0064,408.3491,45.3688,0.01432,82.8884,5.93342,18.0559,140.0338,477.2996,3862.1,19400.5,
2105,3.6423,0.03705,266.0596,8.0005,4.381,18.0597,20.0637,10.2617,1.85895,23.0064,408.1676,45.1434,0.01435,82.8884,5.8082,18.0559,140.0338,477.2996,3862.1,19400.5,
2106,3.53016,0.0352,266.0598,7.97828,4.381,18.0597,20.0637,10.03478,1.81832,23.0064,407.9861,44.918,0.01438,82.8884,5.68298,18.0559,140.0338,477.2996,3862.1,19400.5,
2107,3.41802,0.03335,266.06,7.95606,4.381,18.0597,20.0637,9.80786,1.77769,23.0064,407.8046,44.6926,0.01441,82.8884,5.55776,18.0559,140.0338,477.2996,3862.1,19400.5,
2108,3.30588,0.0315,266.0602,7.93384,4.381,18.0597,20.0637,9.58094,1.73706,23.0064,407.6231,44.4672,0.01444,82.8884,5.43254,18.0559,140.0338,477.2996,3862.1,19400.5,
2109,3.19374,0.02965,266.0604,7.91162,4.381,18.0597,20.0637,9.35402,1.69643,23.0064,407.4416,44.2418,0.01447,82.8884,5.30732,18.0559,140.0338,477.2996,3862.1,19400.5,
2110,3.0816,0.0278,266.0606,7.8894,4.381,18.0597,20.0637,9.1271,1.6558,23.0064,407.2601,44.0164,0.0145,82.8884,5.1821,18.0559,140.0338,477.2996,3862.1,19400.5,
2111,3.00189,0.02594,266.06075,7.86716,4.381,18.0597,20.0637,8.90017,1.61514,23.0064,407.07859,43.79098,0.01452,82.8884,5.05688,18.0559,140.0338,477.2996,3862.1,19400.5,
2112,2.92218,0.02408,266.0609,7.84492,4.381,18.0597,20.0637,8.67324,1.57448,23.0064,406.89708,43.56556,0.01454,82.8884,4.93166,18.0559,140.0338,477.2996,3862.1,19400.5,
2113,2.84247,0.02222,266.06105,7.82268,4.381,18.0597,20.0637,8.44631,1.53382,23.0064,406.71557,43.34014,0.01456,82.8884,4.80644,18.0559,140.0338,477.2996,3862.1,19400.5,
2114,2.76276,0.02036,266.0612,7.80044,4.381,18.0597,20.0637,8.21938,1.49316,23.0064,406.53406,43.11472,0.01458,82.8884,4.68122,18.0559,140.0338,477.2996,3862.1,19400.5,
2115,2.68305,0.0185,266.06135,7.7782,4.381,18.0597,20.0637,7.99245,1.4525,23.0064,406.35255,42.8893,0.0146,82.8884,4.556,18.0559,140.0338,477.2996,3862.1,19400.5,
2116,2.60334,0.01664,266.0615,7.75596,4.381,18.0597,20.0637,7.76552,1.41184,23.0064,406.17104,42.66388,0.01462,82.8884,4.43078,18.0559,140.0338,477.2996,3862.1,19400.5,
2117,2.52363,0.01478,266.06165,7.73372,4.381,18.0597,20.0637,7.53859,1.37118,23.0064,405.98953,42.43846,0.01464,82.8884,4.30556,18.0559,140.0338,477.2996,3862.1,19400.5,
2118,2.44392,0.01292,266.0618,7.71148,4.381,18.0597,20.0637,7.31166,1.33052,23.0064,405.80802,42.21304,0.01466,82.8884,4.18034,18.0559,140.0338,477.2996,3862.1,19400.5,
2119,2.36421,0.01106,266.06195,7.68924,4.381,18.0597,20.0637,7.08473,1.28986,23.0064,405.62651,41.98762,0.01468,82.8884,4.05512,18.0559,140.0338,477.2996,3862.1,19400.5,
2120,2.2845,0.0092,266.0621,7.667,4.381,18.0597,20.0637,6.8578,1.2492,23.0064,405.445,41.7622,0.0147,82.8884,3.9299,18.0559,140.0338,477.2996,3862.1,19400.5,
2121,2.25245,0.00828,266.06224,7.64476,4.381,18.0597,20.0637,6.63088,1.20857,23.0064,405.2635,41.53679,0.01474,82.8884,3.80466,18.0559,140.0338,477.2996,3862.1,19400.5,
2122,2.2204,0.00736,266.06238,7.62252,4.381,18.0597,20.0637,6.40396,1.16794,23.0064,405.082,41.31138,0.01478,82.8884,3.67942,18.0559,140.0338,477.2996,3862.1,19400.5,
2123,2.18835,0.00644,266.06252,7.60028,4.381,18.0597,20.0637,6.17704,1.12731,23.0064,404.9005,41.08597,0.01482,82.8884,3.55418,18.0559,140.0338,477.2996,3862.1,19400.5,
2124,2.1563,0.00552,266.06266,7.57804,4.381,18.0597,20.0637,5.95012,1.08668,23.0064,404.719,40.86056,0.01486,82.8884,3.42894,18.0559,140.0338,477.2996,3862.1,19400.5,
2125,2.12425,0.0046,266.0628,7.5558,4.381,18.0597,20.0637,5.7232,1.04605,23.0064,404.5375,40.63515,0.0149,82.8884,3.3037,18.0559,140.0338,477.2996,3862.1,19400.5,
2126,2.0922,0.00368,266.06294,7.53356,4.381,18.0597,20.0637,5.49628,1.00542,23.0064,404.356,40.40974,0.01494,82.8884,3.17846,18.0559,140.0338,477.2996,3862.1,19400.5,
2127,2.06015,0.00276,266.06308,7.51132,4.381,18.0597,20.0637,5.26936,0.96479,23.0064,404.1745,40.18433,0.01498,82.8884,3.05322,18.0559,140.0338,477.2996,3862.1,19400.5,
2128,2.0281,0.00184,266.06322,7.48908,4.381,18.0597,20.0637,5.04244,0.92416,23.0064,403.993,39.95892,0.01502,82.8884,2.92798,18.0559,140.0338,477.2996,3862.1,19400.5,
2129,1.99605,0.00092,266.06336,7.46684,4.381,18.0597,20.0637,4.81552,0.88353,23.0064,403.8115,39.73351,0.01506,82.8884,2.80274,18.0559,140.0338,477.2996,3862.1,19400.5,
2130,1.964,0.00092,266.0635,7.4446,4.381,18.0597,20.0637,4.5886,0.8429,23.0064,403.63,39.5081,0.0151,82.8884,2.6775,18.0559,140.0338,477.2996,3862.1,19400.5,
2131,1.93853,0.00092,266.06362,7.42237,4.381,18.0597,20.0637,4.36166,0.80226,23.0064,403.4485,39.28269,0.01512,82.8884,2.55229,18.0559,140.0338,477.2996,3862.1,19400.5,
2132,1.91306,0.00092,266.06374,7.40014,4.381,18.0597,20.0637,4.13472,0.76162,23.0064,403.267,39.05728,0.01514,82.8884,2.42708,18.0559,140.0338,477.2996,3862.1,19400.5,
2133,1.88759,0.00092,266.06386,7.37791,4.381,18.0597,20.0637,3.90778,0.72098,23.0064,403.0855,38.83187,0.01516,82.8884,2.30187,18.0559,140.0338,477.2996,3862.1,19400.5,
2134,1.86212,0.00092,266.06398,7.35568,4.381,18.0597,20.0637,3.68084,0.68034,23.0064,402.904,38.60646,0.01518,82.8884,2.17666,18.0559,140.0338,477.2996,3862.1,19400.5,
2135,1.83665,0.00092,266.0641,7.33345,4.381,18.0597,20.0637,3.4539,0.6397,23.0064,402.7225,38.38105,0.0152,82.8884,2.05145,18.0559,140.0338,477.2996,3862.1,19400.5,
2136,1.81118,0.00092,266.06422,7.31122,4.381,18.0597,20.0637,3.22696,0.59906,23.0064,402.541,38.15564,0.01522,82.8884,1.92624,18.0559,140.0338,477.2996,3862.1,19400.5,
2137,1.78571,0.00092,266.06434,7.28899,4.381,18.0597,20.0637,3.00002,0.55842,23.0064,402.3595,37.93023,0.01524,82.8884,1.80103,18.0559,140.0338,477.2996,3862.1,19400.5,
2138,1.76024,0.00092,266.06446,7.26676,4.381,18.0597,20.0637,2.77308,0.51778,23.0064,402.178,37.70482,0.01526,82.8884,1.67582,18.0559,140.0338,477.2996,3862.1,19400.5,
2139,1.73477,0.00092,266.06458,7.24453,4.381,18.0597,20.0637,2.54614,0.47714,23.0064,401.9965,37.47941,0.01528,82.8884,1.55061,18.0559,140.0338,477.2996,3862.1,19400.5,
2140,1.7093,0.00092,266.0647,7.2223,4.381,18.0597,20.0637,2.3192,0.4365,23.0064,401.815,37.254,0.0153,82.8884,1.4254,18.0559,140.0338,477.2996,3862.1,19400.5,
2141,1.6831375,0.00092,266.06481,7.200075,4.381,18.0597,20.0637,2.092275,0.39585,23.0064,401.6335,37.0286,0.01535,82.8884,1.3001875,18.0559,140.0338,477.2996,3862.1,19400.5,
2142,1.656975,0.00092,266.06493,7.17785,4.381,18.0597,20.0637,1.86535,0.3552,23.0064,401.452,36.8032,0.0154,82.8884,1.174975,18.0559,140.0338,477.2996,3862.1,19400.5,
2143,1.6308125,0.00092,266.06504,7.155625,4.381,18.0597,20.0637,1.638425,0.31455,23.0064,401.2705,36.5778,0.01545,82.8884,1.0497625,18.0559,140.0338,477.2996,3862.1,19400.5,
2144,1.60465,0.00092,266.06515,7.1334,4.381,18.0597,20.0637,1.4115,0.2739,23.0064,401.089,36.3524,0.0155,82.8884,0.92455,18.0559,140.0338,477.2996,3862.1,19400.5,
2145,1.5784875,0.00092,266.06526,7.111175,4.381,18.0597,20.0637,1.184575,0.23325,23.0064,400.9075,36.127,0.01555,82.8884,0.7993375,18.0559,140.0338,477.2996,3862.1,19400.5,
2146,1.552325,0.00092,266.06538,7.08895,4.381,18.0597,20.0637,0.95765,0.1926,23.0064,400.726,35.9016,0.0156,82.8884,0.674125,18.0559,140.0338,477.2996,3862.1,19400.5,
2147,1.5261625,0.00092,266.06549,7.066725,4.381,18.0597,20.0637,0.730725,0.15195,23.0064,400.5445,35.6762,0.01565,82.8884,0.5489125,18.0559,140.0338,477.2996,3862.1,19400.5,
2148,1.5,0.00092,266.0656,7.0445,4.381,18.0597,20.0637,0.5038,0.1113,23.0064,400.363,35.4508,0.0157,82.8884,0.4237,18.0559,140.0338,477.2996,3862.1,19400.5,
2149,1.5354,0.00092,266.0834,7.0065,4.381,18.0597,20.0637,0.0511,0.0319,23.2987,401.2135,35.2926,0.06,82.8825,0.2246,18.0559,140.0338,477.2996,3862.1,19400.5,
2150,1.5468,0.00092,266.0918,7.0074,4.381,18.0597,20.0637,0.0511,0.0319,23.2991,401.2206,35.2933,0.06,82.8842,0.2246,18.0559,140.0338,477.2996,3862.1,19400.5,
2151,1.5531,0.00092,266.101,7.008,4.381,18.0597,20.0637,0.0511,0.0319,23.2994,401.2282,35.2939,0.06,82.8858,0.2246,18.0559,140.0338,477.2996,3862.1,19400.5,
2152,1.5547,0.00092,266.1095,7.0085,4.381,18.0597,20.0637,0.0511,0.0319,23.2998,401.2355,35.2945,0.06,82.8872,0.2246,18.0559,140.0338,477.2996,3862.1,19400.5,
2153,1.5527,0.00092,266.12,7.0085,4.381,18.0597,20.0637,0.0511,0.0319,23.3004,401.2444,35.2953,0.06,82.889,0.2246,18.0559,140.0338,477.2996,3862.1,19400.5,
2154,1.5482,0.00092,266.1327,7.0085,4.381,18.0597,20.0637,0.0511,0.0319,23.3011,401.2551,35.2963,0.06,82.8912,0.2246,18.0559,140.0338,477.2996,3862.1,19400.5,
2155,1.5419,0.00092,266.1469,7.0085,4.381,18.0597,20.0637,0.0511,0.0319,23.3017,401.267,35.2974,0.06,82.8937,0.2246,18.0559,140.0338,477.2996,3862.1,19400.5,
2156,1.5324,0.00092,266.16414,7.0085,4.381,18.0597,20.0637,0.0511,0.0319,23.30256,401.28146,35.29864,0.06,82.8967,0.2246,18.0559,140.0338,477.2996,3862.1,19400.5,
2157,1.5229,0.00092,266.18138,7.0085,4.381,18.0597,20.0637,0.0511,0.0319,23.30342,401.29592,35.29988,0.06,82.8997,0.2246,18.0559,140.0338,477.2996,3862.1,19400.5,
2158,1.5134,0.00092,266.19862,7.0085,4.381,18.0597,20.0637,0.0511,0.0319,23.30428,401.31038,35.30112,0.06,82.9027,0.2246,18.0559,140.0338,477.2996,3862.1,19400.5,
2159,1.5039,0.00092,266.21586,7.0085,4.381,18.0597,20.0637,0.0511,0.0319,23.30514,401.32484,35.30236,0.06,82.9057,0.2246,18.0559,140.0338,477.2996,3862.1,19400.5,
2160,1.4944,0.00092,266.2331,7.0085,4.381,18.0597,20.0637,0.0511,0.0319,23.306,401.3393,35.3036,0.06,82.9087,0.2246,18.0559,140.0338,477.2996,3862.1,19400.5,
2161,1.48311,0.00092,266.25295,7.0085,4.381,18.0597,20.0637,0.05111,0.0319,23.30697,401.35595,35.30507,0.06,82.91213,0.2246,18.0559,140.0338,477.2996,3862.1,19400.5,
2162,1.47182,0.00092,266.2728,7.0085,4.381,18.0597,20.0637,0.05112,0.0319,23.30794,401.3726,35.30654,0.06,82.91556,0.2246,18.0559,140.0338,477.2996,3862.1,19400.5,
2163,1.46053,0.00092,266.29265,7.0085,4.381,18.0597,20.0637,0.05113,0.0319,23.30891,401.38925,35.30801,0.06,82.91899,0.2246,18.0559,140.0338,477.2996,3862.1,19400.5,
2164,1.44924,0.00092,266.3125,7.0085,4.381,18.0597,20.0637,0.05114,0.0319,23.30988,401.4059,35.30948,0.06,82.92242,0.2246,18.0559,140.0338,477.2996,3862.1,19400.5,
2165,1.43795,0.00092,266.33235,7.0085,4.381,18.0597,20.0637,0.05115,0.0319,23.31085,401.42255,35.31095,0.06,82.92585,0.2246,18.0559,140.0338,477.2996,3862.1,19400.5,
2166,1.42666,0.00092,266.3522,7.0085,4.381,18.0597,20.0637,0.05116,0.0319,23.31182,401.4392,35.31242,0.06,82.92928,0.2246,18.0559,140.0338,477.2996,3862.1,19400.5,
2167,1.41537,0.00092,266.37205,7.0085,4.381,18.0597,20.0637,0.05117,0.0319,23.31279,401.45585,35.31389,0.06,82.93271,0.2246,18.0559,140.0338,477.2996,3862.1,19400.5,
2168,1.40408,0.00092,266.3919,7.0085,4.381,18.0597,20.0637,0.05118,0.0319,23.31376,401.4725,35.31536,0.06,82.93614,0.2246,18.0559,140.0338,477.2996,3862.1,19400.5,
2169,1.39279,0.00092,266.41175,7.0085,4.381,18.0597,20.0637,0.05119,0.0319,23.31473,401.48915,35.31683,0.06,82.93957,0.2246,18.0559,140.0338,477.2996,3862.1,19400.5,
2170,1.3815,0.00092,266.4316,7.0085,4.381,18.0597,20.0637,0.0512,0.0319,23.3157,401.5058,35.3183,0.06,82.943,0.2246,18.0559,140.0338,477.2996,3862.1,19400.5,
2171,1.3712,0.00092,266.45171,7.0085,4.381,18.0597,20.0637,0.0512,0.0319,23.31666,401.52268,35.31979,0.06,82.9465,0.2246,18.0559,140.0338,477.2996,3862.1,19400.5,
2172,1.3609,0.00092,266.47182,7.0085,4.381,18.0597,20.0637,0.0512,0.0319,23.31762,401.53956,35.32128,0.06,82.95,0.2246,18.0559,140.0338,477.2996,3862.1,19400.5,
2173,1.3506,0.00092,266.49193,7.0085,4.381,18.0597,20.0637,0.0512,0.0319,23.31858,401.55644,35.32277,0.06,82.9535,0.2246,18.0559,140.0338,477.2996,3862.1,19400.5,
2174,1.3403,0.00092,266.51204,7.0085,4.381,18.0597,20.0637,0.0512,0.0319,23.31954,401.57332,35.32426,0.06,82.957,0.2246,18.0559,140.0338,477.2996,3862.1,19400.5,
2175,1.33,0.00092,266.53215,7.0085,4.381,18.0597,20.0637,0.0512,0.0319,23.3205,401.5902,35.32575,0.06,82.9605,0.2246,18.0559,140.0338,477.2996,3862.1,19400.5,
2176,1.3197,0.00092,266.55226,7.0085,4.381,18.0597,20.0637,0.0512,0.0319,23.32146,401.60708,35.32724,0.06,82.964,0.2246,18.0559,140.0338,477.2996,3862.1,19400.5,
2177,1.3094,0.00092,266.57237,7.0085,4.381,18.0597,20.0637,0.0512,0.0319,23.32242,401.62396,35.32873,0.06,82.9675,0.2246,18.0559,140.0338,477.2996,3862.1,19400.5,
2178,1.2991,0.00092,266.59248,7.0085,4.381,18.0597,20.0637,0.0512,0.0319,23.32338,401.64084,35.33022,0.06,82.971,0.2246,18.0559,140.0338,477.2996,3862.1,19400.5,
2179,1.2888,0.00092,266.61259,7.0085,4.381,18.0597,20.0637,0.0512,0.0319,23.32434,401.65772,35.33171,0.06,82.9745,0.2246,18.0559,140.0338,477.2996,3862.1,19400.5,
2180,1.2785,0.00092,266.6327,7.0085,4.381,18.0597,20.0637,0.0512,0.0319,23.3253,401.6746,35.3332,0.06,82.978,0.2246,18.0559,140.0338,477.2996,3862.1,19400.5,
2181,1.26966,0.00092,266.65213,7.0085,4.381,18.0597,20.0637,0.0512,0.0319,23.32625,401.69092,35.33464,0.06,82.98137,0.2246,18.0559,140.0338,477.2996,3862.1,19400.5,
2182,1.26082,0.00092,266.67156,7.0085,4.381,18.0597,20.0637,0.0512,0.0319,23.3272,401.70724,35.33608,0.06,82.98474,0.2246,18.0559,140.0338,477.2996,3862.1,19400.5,
2183,1.25198,0.00092,266.69099,7.0085,4.381,18.0597,20.0637,0.0512,0.0319,23.32815,401.72356,35.33752,0.06,82.98811,0.2246,18.0559,140.0338,477.2996,3862.1,19400.5,
2184,1.24314,0.00092,266.71042,7.0085,4.381,18.0597,20.0637,0.0512,0.0319,23.3291,401.73988,35.33896,0.06,82.99148,0.2246,18.0559,140.0338,477.2996,3862.1,19400.5,
2185,1.2343,0.00092,266.72985,7.0085,4.381,18.0597,20.0637,0.0512,0.0319,23.33005,401.7562,35.3404,0.06,82.99485,0.2246,18.0559,140.0338,477.2996,3862.1,19400.5,
2186,1.22546,0.00092,266.74928,7.0085,4.381,18.0597,20.0637,0.0512,0.0319,23.331,401.77252,35.34184,0.06,82.99822,0.2246,18.0559,140.0338,477.2996,3862.1,19400.5,
2187,1.21662,0.00092,266.76871,7.0085,4.381,18.0597,20.0637,0.0512,0.0319,23.33195,401.78884,35.34328,0.06,83.00159,0.2246,18.0559,140.0338,477.2996,3862.1,19400.5,
2188,1.20778,0.00092,266.78814,7.0085,4.381,18.0597,20.0637,0.0512,0.0319,23.3329,401.80516,35.34472,0.06,83.00496,0.2246,18.0559,140.0338,477.2996,3862.1,19400.5,
2189,1.19894,0.00092,266.80757,7.0085,4.381,18.0597,20.0637,0.0512,0.0319,23.33385,401.82148,35.34616,0.06,83.00833,0.2246,18.0559,140.0338,477.2996,3862.1,19400.5,
2190,1.1901,0.00092,266.827,7.0085,4.381,18.0597,20.0637,0.0512,0.0319,23.3348,401.8378,35.3476,0.06,83.0117,0.2246,18.0559,140.0338,477.2996,3862.1,19400.5,
2191,1.18257,0.00092,266.84554,7.0085,4.381,18.0597,20.0637,0.0512,0.0319,23.33572,401.85335,35.34897,0.06,83.0149,0.2246,18.0559,140.0338,477.2996,3862.1,19400.5,
2192,1.17504,0.00092,266.86408,7.0085,4.381,18.0597,20.0637,0.0512,0.0319,23.33664,401.8689,35.35034,0.06,83.0181,0.2246,18.0559,140.0338,477.2996,3862.1,19400.5,
2193,1.16751,0.00092,266.88262,7.0085,4.381,18.0597,20.0637,0.0512,0.0319,23.33756,401.88445,35.35171,0.06,83.0213,0.2246,18.0559,140.0338,477.2996,3862.1,19400.5,
2194,1.15998,0.00092,266.90116,7.0085,4.381,18.0597,20.0637,0.0512,0.0319,23.33848,401.9,35.35308,0.06,83.0245,0.2246,18.0559,140.0338,477.2996,3862.1,19400.5,
2195,1.15245,0.00092,266.9197,7.0085,4.381,18.0597,20.0637,0.0512,0.0319,23.3394,401.91555,35.35445,0.06,83.0277,0.2246,18.0559,140.0338,477.2996,3862.1,19400.5,
2196,1.14492,0.00092,266.93824,7.0085,4.381,18.0597,20.0637,0.0512,0.0319,23.34032,401.9311,35.35582,0.06,83.0309,0.2246,18.0559,140.0338,477.2996,3862.1,19400.5,
2197,1.13739,0.00092,266.95678,7.0085,4.381,18.0597,20.0637,0.0512,0.0319,23.34124,401.94665,35.35719,0.06,83.0341,0.2246,18.0559,140.0338,477.2996,3862.1,19400.5,
2198,1.12986,0.00092,266.97532,7.0085,4.381,18.0597,20.0637,0.0512,0.0319,23.34216,401.9622,35.35856,0.06,83.0373,0.2246,18.0559,140.0338,477.2996,3862.1,19400.5,
2199,1.12233,0.00092,266.99386,7.0085,4.381,18.0597,20.0637,0.0512,0.0319,23.34308,401.97775,35.35993,0.06,83.0405,0.2246,18.0559,140.0338,477.2996,3862.1,19400.5,
2200,1.1148,0.00092,267.0124,7.0085,4.381,18.0597,20.0637,0.0512,0.0319,23.344,401.9933,35.3613,0.06,83.0437,0.2246,18.0559,140.0338,477.2996,3862.1,19400.5,
2201,1.10836,0.00092,267.03006,7.0085,4.381,18.0597,20.0637,0.05121,0.0319,23.34485,402.00813,35.3626,0.06,83.04677,0.2246,18.0559,140.0338,477.2996,3862.1,19400.5,
2202,1.10192,0.00092,267.04772,7.0085,4.381,18.0597,20.0637,0.05122,0.0319,23.3457,402.02296,35.3639,0.06,83.04984,0.2246,18.0559,140.0338,477.2996,3862.1,19400.5,
2203,1.09548,0.00092,267.06538,7.0085,4.381,18.0597,20.0637,0.05123,0.0319,23.34655,402.03779,35.3652,0.06,83.05291,0.2246,18.0559,140.0338,477.2996,3862.1,19400.5,
2204,1.08904,0.00092,267.08304,7.0085,4.381,18.0597,20.0637,0.05124,0.0319,23.3474,402.05262,35.3665,0.06,83.05598,0.2246,18.0559,140.0338,477.2996,3862.1,19400.5,
2205,1.0826,0.00092,267.1007,7.0085,4.381,18.0597,20.0637,0.05125,0.0319,23.34825,402.06745,35.3678,0.06,83.05905,0.2246,18.0559,140.0338,477.2996,3862.1,19400.5,
2206,1.07616,0.00092,267.11836,7.0085,4.381,18.0597,20.0637,0.05126,0.0319,23.3491,402.08228,35.3691,0.06,83.06212,0.2246,18.0559,140.0338,477.2996,3862.1,19400.5,
2207,1.06972,0.00092,267.13602,7.0085,4.381,18.0597,20.0637,0.05127,0.0319,23.34995,402.09711,35.3704,0.06,83.06519,0.2246,18.0559,140.0338,477.2996,3862.1,19400.5,
2208,1.06328,0.00092,267.15368,7.0085,4.381,18.0597,20.0637,0.05128,0.0319,23.3508,402.11194,35.3717,0.06,83.06826,0.2246,18.0559,140.0338,477.2996,3862.1,19400.5,
2209,1.05684,0.00092,267.17134,7.0085,4.381,18.0597,20.0637,0.05129,0.0319,23.35165,402.12677,35.373,0.06,83.07133,0.2246,18.0559,140.0338,477.2996,3862.1,19400.5,
2210,1.0504,0.00092,267.189,7.0085,4.381,18.0597,20.0637,0.0513,0.0319,23.3525,402.1416,35.3743,0.06,83.0744,0.2246,18.0559,140.0338,477.2996,3862.1,19400.5,
2211,1.04486,0.00092,267.2058,7.0085,4.381,18.0597,20.0637,0.0513,0.0319,23.35332,402.15569,35.37553,0.06,83.07732,0.2246,18.0559,140.0338,477.2996,3862.1,19400.5,
2212,1.03932,0.00092,267.2226,7.0085,4.381,18.0597,20.0637,0.0513,0.0319,23.35414,402.16978,35.37676,0.06,83.08024,0.2246,18.0559,140.0338,477.2996,3862.1,19400.5,
2213,1.03378,0.00092,267.2394,7.0085,4.381,18.0597,20.0637,0.0513,0.0319,23.35496,402.18387,35.37799,0.06,83.08316,0.2246,18.0559,140.0338,477.2996,3862.1,19400.5,
2214,1.02824,0.00092,267.2562,7.0085,4.381,18.0597,20.0637,0.0513,0.0319,23.35578,402.19796,35.37922,0.06,83.08608,0.2246,18.0559,140.0338,477.2996,3862.1,19400.5,
2215,1.0227,0.00092,267.273,7.0085,4.381,18.0597,20.0637,0.0513,0.0319,23.3566,402.21205,35.38045,0.06,83.089,0.2246,18.0559,140.0338,477.2996,3862.1,19400.5,
2216,1.01716,0.00092,267.2898,7.0085,4.381,18.0597,20.0637,0.0513,0.0319,23.35742,402.22614,35.38168,0.06,83.09192,0.2246,18.0559,140.0338,477.2996,3862.1,19400.5,
2217,1.01162,0.00092,267.3066,7.0085,4.381,18.0597,20.0637,0.0513,0.0319,23.35824,402.24023,35.38291,0.06,83.09484,0.2246,18.0559,140.0338,477.2996,3862.1,19400.5,
2218,1.00608,0.00092,267.3234,7.0085,4.381,18.0597,20.0637,0.0513,0.0319,23.35906,402.25432,35.38414,0.06,83.09776,0.2246,18.0559,140.0338,477.2996,3862.1,19400.5,
2219,1.00054,0.00092,267.3402,7.0085,4.381,18.0597,20.0637,0.0513,0.0319,23.35988,402.26841,35.38537,0.06,83.10068,0.2246,18.0559,140.0338,477.2996,3862.1,19400.5,
2220,0.995,0.00092,267.357,7.0085,4.381,18.0597,20.0637,0.0513,0.0319,23.3607,402.2825,35.3866,0.06,83.1036,0.2246,18.0559,140.0338,477.2996,3862.1,19400.5,
2221,0.99023,0.00092,267.373,7.0085,4.381,18.0597,20.0637,0.0513,0.0319,23.36148,402.29593,35.38779,0.06,83.10637,0.2246,18.0559,140.0338,477.2996,3862.1,19400.5,
2222,0.98546,0.00092,267.389,7.0085,4.381,18.0597,20.0637,0.0513,0.0319,23.36226,402.30936,35.38898,0.06,83.10914,0.2246,18.0559,140.0338,477.2996,3862.1,19400.5,
2223,0.98069,0.00092,267.405,7.0085,4.381,18.0597,20.0637,0.0513,0.0319,23.36304,402.32279,35.39017,0.06,83.11191,0.2246,18.0559,140.0338,477.2996,3862.1,19400.5,
2224,0.97592,0.00092,267.421,7.0085,4.381,18.0597,20.0637,0.0513,0.0319,23.36382,402.33622,35.39136,0.06,83.11468,0.2246,18.0559,140.0338,477.2996,3862.1,19400.5,
2225,0.97115,0.00092,267.437,7.0085,4.381,18.0597,20.0637,0.0513,0.0319,23.3646,402.34965,35.39255,0.06,83.11745,0.2246,18.0559,140.0338,477.2996,3862.1,19400.5,
2226,0.96638,0.00092,267.453,7.0085,4.381,18.0597,20.0637,0.0513,0.0319,23.36538,402.36308,35.39374,0.06,83.12022,0.2246,18.0559,140.0338,477.2996,3862.1,19400.5,
2227,0.96161,0.00092,267.469,7.0085,4.381,18.0597,20.0637,0.0513,0.0319,23.36616,402.37651,35.39493,0.06,83.12299,0.2246,18.0559,140.0338,477.2996,3862.1,19400.5,
2228,0.95684,0.00092,267.485,7.0085,4.381,18.0597,20.0637,0.0513,0.0319,23.36694,402.38994,35.39612,0.06,83.12576,0.2246,18.0559,140.0338,477.2996,3862.1,19400.5,
2229,0.95207,0.00092,267.501,7.0085,4.381,18.0597,20.0637,0.0513,0.0319,23.36772,402.40337,35.39731,0.06,83.12853,0.2246,18.0559,140.0338,477.2996,3862.1,19400.5,
2230,0.9473,0.00092,267.517,7.0085,4.381,18.0597,20.0637,0.0513,0.0319,23.3685,402.4168,35.3985,0.06,83.1313,0.2246,18.0559,140.0338,477.2996,3862.1,19400.5,
2231,0.94314,0.00092,267.53226,7.0085,4.381,18.0597,20.0637,0.0513,0.0319,23.36925,402.42961,35.39963,0.06,83.13395,0.2246,18.0559,140.0338,477.2996,3862.1,19400.5,
2232,0.93898,0.00092,267.54752,7.0085,4.381,18.0597,20.0637,0.0513,0.0319,23.37,402.44242,35.40076,0.06,83.1366,0.2246,18.0559,140.0338,477.2996,3862.1,19400.5,
2233,0.93482,0.00092,267.56278,7.0085,4.381,18.0597,20.0637,0.0513,0.0319,23.37075,402.45523,35.40189,0.06,83.13925,0.2246,18.0559,140.0338,477.2996,3862.1,19400.5,
2234,0.93066,0.00092,267.57804,7.0085,4.381,18.0597,20.0637,0.0513,0.0319,23.3715,402.46804,35.40302,0.06,83.1419,0.2246,18.0559,140.0338,477.2996,3862.1,19400.5,
2235,0.9265,0.00092,267.5933,7.0085,4.381,18.0597,20.0637,0.0513,0.0319,23.37225,402.48085,35.40415,0.06,83.14455,0.2246,18.0559,140.0338,477.2996,3862.1,19400.5,
2236,0.92234,0.00092,267.60856,7.0085,4.381,18.0597,20.0637,0.0513,0.0319,23.373,402.49366,35.40528,0.06,83.1472,0.2246,18.0559,140.0338,477.2996,3862.1,19400.5,
2237,0.91818,0.00092,267.62382,7.0085,4.381,18.0597,20.0637,0.0513,0.0319,23.37375,402.50647,35.40641,0.06,83.14985,0.2246,18.0559,140.0338,477.2996,3862.1,19400.5,
2238,0.91402,0.00092,267.63908,7.0085,4.381,18.0597,20.0637,0.0513,0.0319,23.3745,402.51928,35.40754,0.06,83.1525,0.2246,18.0559,140.0338,477.2996,3862.1,19400.5,
2239,0.90986,0.00092,267.65434,7.0085,4.381,18.0597,20.0637,0.0513,0.0319,23.37525,402.53209,35.40867,0.06,83.15515,0.2246,18.0559,140.0338,477.2996,3862.1,19400.5,
2240,0.9057,0.00092,267.6696,7.0085,4.381,18.0597,20.0637,0.0513,0.0319,23.376,402.5449,35.4098,0.06,83.1578,0.2246,18.0559,140.0338,477.2996,3862.1,19400.5,
2241,0.90206,0.00092,267.68419,7.0085,4.381,18.0597,20.0637,0.0513,0.0319,23.37671,402.55715,35.41087,0.06,83.16032,0.2246,18.0559,140.0338,477.2996,3862.1,19400.5,
2242,0.89842,0.00092,267.69878,7.0085,4.381,18.0597,20.0637,0.0513,0.0319,23.37742,402.5694,35.41194,0.06,83.16284,0.2246,18.0559,140.0338,477.2996,3862.1,19400.5,
2243,0.89478,0.00092,267.71337,7.0085,4.381,18.0597,20.0637,0.0513,0.0319,23.37813,402.58165,35.41301,0.06,83.16536,0.2246,18.0559,140.0338,477.2996,3862.1,19400.5,
2244,0.89114,0.00092,267.72796,7.0085,4.381,18.0597,20.0637,0.0513,0.0319,23.37884,402.5939,35.41408,0.06,83.16788,0.2246,18.0559,140.0338,477.2996,3862.1,19400.5,
2245,0.8875,0.00092,267.74255,7.0085,4.381,18.0597,20.0637,0.0513,0.0319,23.37955,402.60615,35.41515,0.06,83.1704,0.2246,18.0559,140.0338,477.2996,3862.1,19400.5,
2246,0.88386,0.00092,267.75714,7.0085,4.381,18.0597,20.0637,0.0513,0.0319,23.38026,402.6184,35.41622,0.06,83.17292,0.2246,18.0559,140.0338,477.2996,3862.1,19400.5,
2247,0.88022,0.00092,267.77173,7.0085,4.381,18.0597,20.0637,0.0513,0.0319,23.38097,402.63065,35.41729,0.06,83.17544,0.2246,18.0559,140.0338,477.2996,3862.1,19400.5,
2248,0.87658,0.00092,267.78632,7.0085,4.381,18.0597,20.0637,0.0513,0.0319,23.38168,402.6429,35.41836,0.06,83.17796,0.2246,18.0559,140.0338,477.2996,3862.1,19400.5,
2249,0.87294,0.00092,267.80091,7.0085,4.381,18.0597,20.0637,0.0513,0.0319,23.38239,402.65515,35.41943,0.06,83.18048,0.2246,18.0559,140.0338,477.2996,3862.1,19400.5,
2250,0.8693,0.00092,267.8155,7.0085,4.381,18.0597,20.0637,0.0513,0.0319,23.3831,402.6674,35.4205,0.06,83.183,0.2246,18.0559,140.0338,477.2996,3862.1,19400.5,
2251,0.8661,0.00092,267.82946,7.0085,4.381,18.0597,20.0637,0.0513,0.0319,23.38378,402.67913,35.42153,0.06,83.18543,0.2246,18.0559,140.0338,477.2996,3862.1,19400.5,
2252,0.8629,0.00092,267.84342,7.0085,4.381,18.0597,20.0637,0.0513,0.0319,23.38446,402.69086,35.42256,0.06,83.18786,0.2246,18.0559,140.0338,477.2996,3862.1,19400.5,
2253,0.8597,0.00092,267.85738,7.0085,4.381,18.0597,20.0637,0.0513,0.0319,23.38514,402.70259,35.42359,0.06,83.19029,0.2246,18.0559,140.0338,477.2996,3862.1,19400.5,
2254,0.8565,0.00092,267.87134,7.0085,4.381,18.0597,20.0637,0.0513,0.0319,23.38582,402.71432,35.42462,0.06,83.19272,0.2246,18.0559,140.0338,477.2996,3862.1,19400.5,
2255,0.8533,0.00092,267.8853,7.0085,4.381,18.0597,20.0637,0.0513,0.0319,23.3865,402.72605,35.42565,0.06,83.19515,0.2246,18.0559,140.0338,477.2996,3862.1,19400.5,
2256,0.8501,0.00092,267.89926,7.0085,4.381,18.0597,20.0637,0.0513,0.0319,23.38718,402.73778,35.42668,0.06,83.19758,0.2246,18.0559,140.0338,477.2996,3862.1,19400.5,
2257,0.8469,0.00092,267.91322,7.0085,4.381,18.0597,20.0637,0.0513,0.0319,23.38786,402.74951,35.42771,0.06,83.20001,0.2246,18.0559,140.0338,477.2996,3862.1,19400.5,
2258,0.8437,0.00092,267.92718,7.0085,4.381,18.0597,20.0637,0.0513,0.0319,23.38854,402.76124,35.42874,0.06,83.20244,0.2246,18.0559,140.0338,477.2996,3862.1,19400.5,
2259,0.8405,0.00092,267.94114,7.0085,4.381,18.0597,20.0637,0.0513,0.0319,23.38922,402.77297,35.42977,0.06,83.20487,0.2246,18.0559,140.0338,477.2996,3862.1,19400.5,
2260,0.8373,0.00092,267.9551,7.0085,4.381,18.0597,20.0637,0.0513,0.0319,23.3899,402.7847,35.4308,0.06,83.2073,0.2246,18.0559,140.0338,477.2996,3862.1,19400.5,
2261,0.83445,0.00092,267.96848,7.0085,4.381,18.0597,20.0637,0.0513,0.0319,23.39054,402.7959,35.43178,0.06001,83.20961,0.2246,18.0559,140.0338,477.2996,3862.1,19400.5,
2262,0.8316,0.00092,267.98186,7.0085,4.381,18.0597,20.0637,0.0513,0.0319,23.39118,402.8071,35.43276,0.06002,83.21192,0.2246,18.0559,140.0338,477.2996,3862.1,19400.5,
2263,0.82875,0.00092,267.99524,7.0085,4.381,18.0597,20.0637,0.0513,0.0319,23.39182,402.8183,35.43374,0.06003,83.21423,0.2246,18.0559,140.0338,477.2996,3862.1,19400.5,
2264,0.8259,0.00092,268.00862,7.0085,4.381,18.0597,20.0637,0.0513,0.0319,23.39246,402.8295,35.43472,0.06004,83.21654,0.2246,18.0559,140.0338,477.2996,3862.1,19400.5,
2265,0.82305,0.00092,268.022,7.0085,4.381,18.0597,20.0637,0.0513,0.0319,23.3931,402.8407,35.4357,0.06005,83.21885,0.2246,18.0559,140.0338,477.2996,3862.1,19400.5,
2266,0.8202,0.00092,268.03538,7.0085,4.381,18.0597,20.0637,0.0513,0.0319,23.39374,402.8519,35.43668,0.06006,83.22116,0.2246,18.0559,140.0338,477.2996,3862.1,19400.5,
2267,0.81735,0.00092,268.04876,7.0085,4.381,18.0597,20.0637,0.0513,0.0319,23.39438,402.8631,35.43766,0.06007,83.22347,0.2246,18.0559,140.0338,477.2996,3862.1,19400.5,
2268,0.8145,0.00092,268.06214,7.0085,4.381,18.0597,20.0637,0.0513,0.0319,23.39502,402.8743,35.43864,0.06008,83.22578,0.2246,18.0559,140.0338,477.2996,3862.1,19400.5,
2269,0.81165,0.00092,268.07552,7.0085,4.381,18.0597,20.0637,0.0513,0.0319,23.39566,402.8855,35.43962,0.06009,83.22809,0.2246,18.0559,140.0338,477.2996,3862.1,19400.5,
2270,0.8088,0.00092,268.0889,7.0085,4.381,18.0597,20.0637,0.0513,0.0319,23.3963,402.8967,35.4406,0.0601,83.2304,0.2246,18.0559,140.0338,477.2996,3862.1,19400.5,
2271,0.80629,0.00092,268.10174,7.0085,4.381,18.0597,20.0637,0.0513,0.0319,23.39694,402.90748,35.44156,0.0601,83.23262,0.2246,18.0559,140.0338,477.2996,3862.1,19400.5,
2272,0.80378,0.00092,268.11458,7.0085,4.381,18.0597,20.0637,0.0513,0.0319,23.39758,402.91826,35.44252,0.0601,83.23484,0.2246,18.0559,140.0338,477.2996,3862.1,19400.5,
2273,0.80127,0.00092,268.12742,7.0085,4.381,18.0597,20.0637,0.0513,0.0319,23.39822,402.92904,35.44348,0.0601,83.23706,0.2246,18.0559,140.0338,477.2996,3862.1,19400.5,
2274,0.79876,0.00092,268.14026,7.0085,4.381,18.0597,20.0637,0.0513,0.0319,23.39886,402.93982,35.44444,0.0601,83.23928,0.2246,18.0559,140.0338,477.2996,3862.1,19400.5,
2275,0.79625,0.00092,268.1531,7.0085,4.381,18.0597,20.0637,0.0513,0.0319,23.3995,402.9506,35.4454,0.0601,83.2415,0.2246,18.0559,140.0338,477.2996,3862.1,19400.5,
2276,0.79374,0.00092,268.16594,7.0085,4.381,18.0597,20.0637,0.0513,0.0319,23.40014,402.96138,35.44636,0.0601,83.24372,0.2246,18.0559,140.0338,477.2996,3862.1,19400.5,
2277,0.79123,0.00092,268.17878,7.0085,4.381,18.0597,20.0637,0.0513,0.0319,23.40078,402.97216,35.44732,0.0601,83.24594,0.2246,18.0559,140.0338,477.2996,3862.1,19400.5,
2278,0.78872,0.00092,268.19162,7.0085,4.381,18.0597,20.0637,0.0513,0.0319,23.40142,402.98294,35.44828,0.0601,83.24816,0.2246,18.0559,140.0338,477.2996,3862.1,19400.5,
2279,0.78621,0.00092,268.20446,7.0085,4.381,18.0597,20.0637,0.0513,0.0319,23.40206,402.99372,35.44924,0.0601,83.25038,0.2246,18.0559,140.0338,477.2996,3862.1,19400.5,
2280,0.7837,0.00092,268.2173,7.0085,4.381,18.0597,20.0637,0.0513,0.0319,23.4027,403.0045,35.4502,0.0601,83.2526,0.2246,18.0559,140.0338,477.2996,3862.1,19400.5,
2281,0.78142,0.00092,268.22963,7.0085,4.381,18.0597,20.0637,0.0513,0.0319,23.4033,403.01486,35.45111,0.0601,83.25474,0.2246,18.0559,140.0338,477.2996,3862.1,19400.5,
2282,0.77914,0.00092,268.24196,7.0085,4.381,18.0597,20.0637,0.0513,0.0319,23.4039,403.02522,35.45202,0.0601,83.25688,0.2246,18.0559,140.0338,477.2996,3862.1,19400.5,
2283,0.77686,0.00092,268.25429,7.0085,4.381,18.0597,20.0637,0.0513,0.0319,23.4045,403.03558,35.45293,0.0601,83.25902,0.2246,18.0559,140.0338,477.2996,3862.1,19400.5,
2284,0.77458,0.00092,268.26662,7.0085,4.381,18.0597,20.0637,0.0513,0.0319,23.4051,403.04594,35.45384,0.0601,83.26116,0.2246,18.0559,140.0338,477.2996,3862.1,19400.5,
2285,0.7723,0.00092,268.27895,7.0085,4.381,18.0597,20.0637,0.0513,0.0319,23.4057,403.0563,35.45475,0.0601,83.2633,0.2246,18.0559,140.0338,477.2996,3862.1,19400.5,
2286,0.77002,0.00092,268.29128,7.0085,4.381,18.0597,20.0637,0.0513,0.0319,23.4063,403.06666,35.45566,0.0601,83.26544,0.2246,18.0559,140.0338,477.2996,3862.1,19400.5,
2287,0.76774,0.00092,268.30361,7.0085,4.381,18.0597,20.0637,0.0513,0.0319,23.4069,403.07702,35.45657,0.0601,83.26758,0.2246,18.0559,140.0338,477.2996,3862.1,19400.5,
2288,0.76546,0.00092,268.31594,7.0085,4.381,18.0597,20.0637,0.0513,0.0319,23.4075,403.08738,35.45748,0.0601,83.26972,0.2246,18.0559,140.0338,477.2996,3862.1,19400.5,
2289,0.76318,0.00092,268.32827,7.0085,4.381,18.0597,20.0637,0.0513,0.0319,23.4081,403.09774,35.45839,0.0601,83.27186,0.2246,18.0559,140.0338,477.2996,3862.1,19400.5,
2290,0.7609,0.00092,268.3406,7.0085,4.381,18.0597,20.0637,0.0513,0.0319,23.4087,403.1081,35.4593,0.0601,83.274,0.2246,18.0559,140.0338,477.2996,3862.1,19400.5,
2291,0.75884,0.00092,268.35247,7.0085,4.381,18.0597,20.0637,0.0513,0.0319,23.40928,403.11806,35.46017,0.06011,83.27607,0.2246,18.0559,140.0338,477.2996,3862.1,19400.5,
2292,0.75678,0.00092,268.36434,7.0085,4.381,18.0597,20.0637,0.0513,0.0319,23.40986,403.12802,35.46104,0.06012,83.27814,0.2246,18.0559,140.0338,477.2996,3862.1,19400.5,
2293,0.75472,0.00092,268.37621,7.0085,4.381,18.0597,20.0637,0.0513,0.0319,23.41044,403.13798,35.46191,0.06013,83.28021,0.2246,18.0559,140.0338,477.2996,3862.1,19400.5,
2294,0.75266,0.00092,268.38808,7.0085,4.381,18.0597,20.0637,0.0513,0.0319,23.41102,403.14794,35.46278,0.06014,83.28228,0.2246,18.0559,140.0338,477.2996,3862.1,19400.5,
2295,0.7506,0.00092,268.39995,7.0085,4.381,18.0597,20.0637,0.0513,0.0319,23.4116,403.1579,35.46365,0.06015,83.28435,0.2246,18.0559,140.0338,477.2996,3862.1,19400.5,
2296,0.74854,0.00092,268.41182,7.0085,4.381,18.0597,20.0637,0.0513,0.0319,23.41218,403.16786,35.46452,0.06016,83.28642,0.2246,18.0559,140.0338,477.2996,3862.1,19400.5,
2297,0.74648,0.00092,268.42369,7.0085,4.381,18.0597,20.0637,0.0513,0.0319,23.41276,403.17782,35.46539,0.06017,83.28849,0.2246,18.0559,140.0338,477.2996,3862.1,19400.5,
2298,0.74442,0.00092,268.43556,7.0085,4.381,18.0597,20.0637,0.0513,0.0319,23.41334,403.18778,35.46626,0.06018,83.29056,0.2246,18.0559,140.0338,477.2996,3862.1,19400.5,
2299,0.74236,0.00092,268.44743,7.0085,4.381,18.0597,20.0637,0.0513,0.0319,23.41392,403.19774,35.46713,0.06019,83.29263,0.2246,18.0559,140.0338,477.2996,3862.1,19400.5,
2300,0.7403,0.00092,268.4593,7.0085,4.381,18.0597,20.0637,0.0513,0.0319,23.4145,403.2077,35.468,0.0602,83.2947,0.2246,18.0559,140.0338,477.2996,3862.1,19400.5,
2301,0.738714,0.00092,268.46999,7.0085,4.381,18.0597,20.0637,0.0513,0.0319,23.41502,403.21667,35.46879,0.0602,83.296552,0.2246,18.0559,140.0338,477.2996,3862.1,19400.5,
2302,0.737128,0.00092,268.48068,7.0085,4.381,18.0597,20.0637,0.0513,0.0319,23.41554,403.22564,35.46958,0.0602,83.298404,0.2246,18.0559,140.0338,477.2996,3862.1,19400.5,
2303,0.735542,0.00092,268.49136,7.0085,4.381,18.0597,20.0637,0.0513,0.0319,23.41606,403.23461,35.47037,0.0602,83.300256,0.2246,18.0559,140.0338,477.2996,3862.1,19400.5,
2304,0.733956,0.00092,268.50205,7.0085,4.381,18.0597,20.0637,0.0513,0.0319,23.41658,403.24358,35.47116,0.0602,83.302108,0.2246,18.0559,140.0338,477.2996,3862.1,19400.5,
2305,0.73237,0.00092,268.51274,7.0085,4.381,18.0597,20.0637,0.0513,0.0319,23.4171,403.25255,35.47195,0.0602,83.30396,0.2246,18.0559,140.0338,477.2996,3862.1,19400.5,
2306,0.730784,0.00092,268.52343,7.0085,4.381,18.0597,20.0637,0.0513,0.0319,23.41762,403.26152,35.47274,0.0602,83.305812,0.2246,18.0559,140.0338,477.2996,3862.1,19400.5,
2307,0.729198,0.00092,268.53412,7.0085,4.381,18.0597,20.0637,0.0513,0.0319,23.41814,403.27049,35.47353,0.0602,83.307664,0.2246,18.0559,140.0338,477.2996,3862.1,19400.5,
2308,0.727612,0.00092,268.5448,7.0085,4.381,18.0597,20.0637,0.0513,0.0319,23.41866,403.27946,35.47432,0.0602,83.309516,0.2246,18.0559,140.0338,477.2996,3862.1,19400.5,
2309,0.726026,0.00092,268.55549,7.0085,4.381,18.0597,20.0637,0.0513,0.0319,23.41918,403.28843,35.47511,0.0602,83.311368,0.2246,18.0559,140.0338,477.2996,3862.1,19400.5,
2310,0.72444,0.00092,268.56618,7.0085,4.381,18.0597,20.0637,0.0513,0.0319,23.4197,403.2974,35.4759,0.0602,83.31322,0.2246,18.0559,140.0338,477.2996,3862.1,19400.5,
2311,0.722854,0.00092,268.57687,7.0085,4.381,18.0597,20.0637,0.0513,0.0319,23.42022,403.30637,35.47669,0.0602,83.315072,0.2246,18.0559,140.0338,477.2996,3862.1,19400.5,
2312,0.721268,0.00092,268.58756,7.0085,4.381,18.0597,20.0637,0.0513,0.0319,23.42074,403.31534,35.47748,0.0602,83.316924,0.2246,18.0559,140.0338,477.2996,3862.1,19400.5,
2313,0.719682,0.00092,268.59824,7.0085,4.381,18.0597,20.0637,0.0513,0.0319,23.42126,403.32431,35.47827,0.0602,83.318776,0.2246,18.0559,140.0338,477.2996,3862.1,19400.5,
2314,0.718096,0.00092,268.60893,7.0085,4.381,18.0597,20.0637,0.0513,0.0319,23.42178,403.33328,35.47906,0.0602,83.320628,0.2246,18.0559,140.0338,477.2996,3862.1,19400.5,
2315,0.71651,0.00092,268.61962,7.0085,4.381,18.0597,20.0637,0.0513,0.0319,23.4223,403.34225,35.47985,0.0602,83.32248,0.2246,18.0559,140.0338,477.2996,3862.1,19400.5,
2316,0.714924,0.00092,268.63031,7.0085,4.381,18.0597,20.0637,0.0513,0.0319,23.42282,403.35122,35.48064,0.0602,83.324332,0.2246,18.0559,140.0338,477.2996,3862.1,19400.5,
2317,0.713338,0.00092,268.641,7.0085,4.381,18.0597,20.0637,0.0513,0.0319,23.42334,403.36019,35.48143,0.0602,83.326184,0.2246,18.0559,140.0338,477.2996,3862.1,19400.5,
2318,0.711752,0.00092,268.65168,7.0085,4.381,18.0597,20.0637,0.0513,0.0319,23.42386,403.36916,35.48222,0.0602,83.328036,0.2246,18.0559,140.0338,477.2996,3862.1,19400.5,
2319,0.710166,0.00092,268.66237,7.0085,4.381,18.0597,20.0637,0.0513,0.0319,23.42438,403.37813,35.48301,0.0602,83.329888,0.2246,18.0559,140.0338,477.2996,3862.1,19400.5,
2320,0.70858,0.00092,268.67306,7.0085,4.381,18.0597,20.0637,0.0513,0.0319,23.4249,403.3871,35.4838,0.0602,83.33174,0.2246,18.0559,140.0338,477.2996,3862.1,19400.5,
2321,0.706994,0.00092,268.68375,7.0085,4.381,18.0597,20.0637,0.0513,0.0319,23.42542,403.39607,35.48459,0.0602,83.333592,0.2246,18.0559,140.0338,477.2996,3862.1,19400.5,
2322,0.705408,0.00092,268.69444,7.0085,4.381,18.0597,20.0637,0.0513,0.0319,23.42594,403.40504,35.48538,0.0602,83.335444,0.2246,18.0559,140.0338,477.2996,3862.1,19400.5,
2323,0.703822,0.00092,268.70512,7.0085,4.381,18.0597,20.0637,0.0513,0.0319,23.42646,403.41401,35.48617,0.0602,83.337296,0.2246,18.0559,140.0338,477.2996,3862.1,19400.5,
2324,0.702236,0.00092,268.71581,7.0085,4.381,18.0597,20.0637,0.0513,0.0319,23.42698,403.42298,35.48696,0.0602,83.339148,0.2246,18.0559,140.0338,477.2996,3862.1,19400.5,
2325,0.70065,0.00092,268.7265,7.0085,4.381,18.0597,20.0637,0.0513,0.0319,23.4275,403.43195,35.48775,0.0602,83.341,0.2246,18.0559,140.0338,477.2996,3862.1,19400.5,
2326,0.699064,0.00092,268.73719,7.0085,4.381,18.0597,20.0637,0.0513,0.0319,23.42802,403.44092,35.48854,0.0602,83.342852,0.2246,18.0559,140.0338,477.2996,3862.1,19400.5,
2327,0.697478,0.00092,268.74788,7.0085,4.381,18.0597,20.0637,0.0513,0.0319,23.42854,403.44989,35.48933,0.0602,83.344704,0.2246,18.0559,140.0338,477.2996,3862.1,19400.5,
2328,0.695892,0.00092,268.75856,7.0085,4.381,18.0597,20.0637,0.0513,0.0319,23.42906,403.45886,35.49012,0.0602,83.346556,0.2246,18.0559,140.0338,477.2996,3862.1,19400.5,
2329,0.694306,0.00092,268.76925,7.0085,4.381,18.0597,20.0637,0.0513,0.0319,23.42958,403.46783,35.49091,0.0602,83.348408,0.2246,18.0559,140.0338,477.2996,3862.1,19400.5,
2330,0.69272,0.00092,268.77994,7.0085,4.381,18.0597,20.0637,0.0513,0.0319,23.4301,403.4768,35.4917,0.0602,83.35026,0.2246,18.0559,140.0338,477.2996,3862.1,19400.5,
2331,0.691134,0.00092,268.79063,7.0085,4.381,18.0597,20.0637,0.0513,0.0319,23.43062,403.48577,35.49249,0.0602,83.352112,0.2246,18.0559,140.0338,477.2996,3862.1,19400.5,
2332,0.689548,0.00092,268.80132,7.0085,4.381,18.0597,20.0637,0.0513,0.0319,23.43114,403.49474,35.49328,0.0602,83.353964,0.2246,18.0559,140.0338,477.2996,3862.1,19400.5,
2333,0.687962,0.00092,268.812,7.0085,4.381,18.0597,20.0637,0.0513,0.0319,23.43166,403.50371,35.49407,0.0602,83.355816,0.2246,18.0559,140.0338,477.2996,3862.1,19400.5,
2334,0.686376,0.00092,268.82269,7.0085,4.381,18.0597,20.0637,0.0513,0.0319,23.43218,403.51268,35.49486,0.0602,83.357668,0.2246,18.0559,140.0338,477.2996,3862.1,19400.5,
2335,0.68479,0.00092,268.83338,7.0085,4.381,18.0597,20.0637,0.0513,0.0319,23.4327,403.52165,35.49565,0.0602,83.35952,0.2246,18.0559,140.0338,477.2996,3862.1,19400.5,
2336,0.683204,0.00092,268.84407,7.0085,4.381,18.0597,20.0637,0.0513,0.0319,23.43322,403.53062,35.49644,0.0602,83.361372,0.2246,18.0559,140.0338,477.2996,3862.1,19400.5,
2337,0.681618,0.00092,268.85476,7.0085,4.381,18.0597,20.0637,0.0513,0.0319,23.43374,403.53959,35.49723,0.0602,83.363224,0.2246,18.0559,140.0338,477.2996,3862.1,19400.5,
2338,0.680032,0.00092,268.86544,7.0085,4.381,18.0597,20.0637,0.0513,0.0319,23.43426,403.54856,35.49802,0.0602,83.365076,0.2246,18.0559,140.0338,477.2996,3862.1,19400.5,
2339,0.678446,0.00092,268.87613,7.0085,4.381,18.0597,20.0637,0.0513,0.0319,23.43478,403.55753,35.49881,0.0602,83.366928,0.2246,18.0559,140.0338,477.2996,3862.1,19400.5,
2340,0.67686,0.00092,268.88682,7.0085,4.381,18.0597,20.0637,0.0513,0.0319,23.4353,403.5665,35.4996,0.0602,83.36878,0.2246,18.0559,140.0338,477.2996,3862.1,19400.5,
2341,0.675274,0.00092,268.89751,7.0085,4.381,18.0597,20.0637,0.0513,0.0319,23.43582,403.57547,35.50039,0.0602,83.370632,0.2246,18.0559,140.0338,477.2996,3862.1,19400.5,
2342,0.673688,0.00092,268.9082,7.0085,4.381,18.0597,20.0637,0.0513,0.0319,23.43634,403.58444,35.50118,0.0602,83.372484,0.2246,18.0559,140.0338,477.2996,3862.1,19400.5,
2343,0.672102,0.00092,268.91888,7.0085,4.381,18.0597,20.0637,0.0513,0.0319,23.43686,403.59341,35.50197,0.0602,83.374336,0.2246,18.0559,140.0338,477.2996,3862.1,19400.5,
2344,0.670516,0.00092,268.92957,7.0085,4.381,18.0597,20.0637,0.0513,0.0319,23.43738,403.60238,35.50276,0.0602,83.376188,0.2246,18.0559,140.0338,477.2996,3862.1,19400.5,
2345,0.66893,0.00092,268.94026,7.0085,4.381,18.0597,20.0637,0.0513,0.0319,23.4379,403.61135,35.50355,0.0602,83.37804,0.2246,18.0559,140.0338,477.2996,3862.1,19400.5,
2346,0.667344,0.00092,268.95095,7.0085,4.381,18.0597,20.0637,0.0513,0.0319,23.43842,403.62032,35.50434,0.0602,83.379892,0.2246,18.0559,140.0338,477.2996,3862.1,19400.5,
2347,0.665758,0.00092,268.96164,7.0085,4.381,18.0597,20.0637,0.0513,0.0319,23.43894,403.62929,35.50513,0.0602,83.381744,0.2246,18.0559,140.0338,477.2996,3862.1,19400.5,
2348,0.664172,0.00092,268.97232,7.0085,4.381,18.0597,20.0637,0.0513,0.0319,23.43946,403.63826,35.50592,0.0602,83.383596,0.2246,18.0559,140.0338,477.2996,3862.1,19400.5,
2349,0.662586,0.00092,268.98301,7.0085,4.381,18.0597,20.0637,0.0513,0.0319,23.43998,403.64723,35.50671,0.0602,83.385448,0.2246,18.0559,140.0338,477.2996,3862.1,19400.5,
2350,0.661,0.00092,268.9937,7.0085,4.381,18.0597,20.0637,0.0513,0.0319,23.4405,403.6562,35.5075,0.0602,83.3873,0.2246,18.0559,140.0338,477.2996,3862.1,19400.5,
2351,0.659886,0.00092,269.00281,7.0085,4.381,18.0597,20.0637,0.051304,0.0319,23.440944,403.66384,35.508172,0.0602,83.388878,0.2246,18.0559,140.0338,477.2996,3862.1,19400.5,
2352,0.658772,0.00092,269.01192,7.0085,4.381,18.0597,20.0637,0.051308,0.0319,23.441388,403.67149,35.508844,0.0602,83.390456,0.2246,18.0559,140.0338,477.2996,3862.1,19400.5,
2353,0.657658,0.00092,269.02102,7.0085,4.381,18.0597,20.0637,0.051312,0.0319,23.441832,403.67913,35.509516,0.0602,83.392034,0.2246,18.0559,140.0338,477.2996,3862.1,19400.5,
2354,0.656544,0.00092,269.03013,7.0085,4.381,18.0597,20.0637,0.051316,0.0319,23.442276,403.68678,35.510188,0.0602,83.393612,0.2246,18.0559,140.0338,477.2996,3862.1,19400.5,
2355,0.65543,0.00092,269.03924,7.0085,4.381,18.0597,20.0637,0.05132,0.0319,23.44272,403.69442,35.51086,0.0602,83.39519,0.2246,18.0559,140.0338,477.2996,3862.1,19400.5,
2356,0.654316,0.00092,269.04835,7.0085,4.381,18.0597,20.0637,0.051324,0.0319,23.443164,403.70206,35.511532,0.0602,83.396768,0.2246,18.0559,140.0338,477.2996,3862.1,19400.5,
2357,0.653202,0.00092,269.05746,7.0085,4.381,18.0597,20.0637,0.051328,0.0319,23.443608,403.70971,35.512204,0.0602,83.398346,0.2246,18.0559,140.0338,477.2996,3862.1,19400.5,
2358,0.652088,0.00092,269.06656,7.0085,4.381,18.0597,20.0637,0.051332,0.0319,23.444052,403.71735,35.512876,0.0602,83.399924,0.2246,18.0559,140.0338,477.2996,3862.1,19400.5,
2359,0.650974,0.00092,269.07567,7.0085,4.381,18.0597,20.0637,0.051336,0.0319,23.444496,403.725,35.513548,0.0602,83.401502,0.2246,18.0559,140.0338,477.2996,3862.1,19400.5,
2360,0.64986,0.00092,269.08478,7.0085,4.381,18.0597,20.0637,0.05134,0.0319,23.44494,403.73264,35.51422,0.0602,83.40308,0.2246,18.0559,140.0338,477.2996,3862.1,19400.5,
2361,0.648746,0.00092,269.09389,7.0085,4.381,18.0597,20.0637,0.051344,0.0319,23.445384,403.74028,35.514892,0.0602,83.404658,0.2246,18.0559,140.0338,477.2996,3862.1,19400.5,
2362,0.647632,0.00092,269.103,7.0085,4.381,18.0597,20.0637,0.051348,0.0319,23.445828,403.74793,35.515564,0.0602,83.406236,0.2246,18.0559,140.0338,477.2996,3862.1,19400.5,
2363,0.646518,0.00092,269.1121,7.0085,4.381,18.0597,20.0637,0.051352,0.0319,23.446272,403.75557,35.516236,0.0602,83.407814,0.2246,18.0559,140.0338,477.2996,3862.1,19400.5,
2364,0.645404,0.00092,269.12121,7.0085,4.381,18.0597,20.0637,0.051356,0.0319,23.446716,403.76322,35.516908,0.0602,83.409392,0.2246,18.0559,140.0338,477.2996,3862.1,19400.5,
2365,0.64429,0.00092,269.13032,7.0085,4.381,18.0597,20.0637,0.05136,0.0319,23.44716,403.77086,35.51758,0.0602,83.41097,0.2246,18.0559,140.0338,477.2996,3862.1,19400.5,
2366,0.643176,0.00092,269.13943,7.0085,4.381,18.0597,20.0637,0.051364,0.0319,23.447604,403.7785,35.518252,0.0602,83.412548,0.2246,18.0559,140.0338,477.2996,3862.1,19400.5,
2367,0.642062,0.00092,269.14854,7.0085,4.381,18.0597,20.0637,0.051368,0.0319,23.448048,403.78615,35.518924,0.0602,83.414126,0.2246,18.0559,140.0338,477.2996,3862.1,19400.5,
2368,0.640948,0.00092,269.15764,7.0085,4.381,18.0597,20.0637,0.051372,0.0319,23.448492,403.79379,35.519596,0.0602,83.415704,0.2246,18.0559,140.0338,477.2996,3862.1,19400.5,
2369,0.639834,0.00092,269.16675,7.0085,4.381,18.0597,20.0637,0.051376,0.0319,23.448936,403.80144,35.520268,0.0602,83.417282,0.2246,18.0559,140.0338,477.2996,3862.1,19400.5,
2370,0.63872,0.00092,269.17586,7.0085,4.381,18.0597,20.0637,0.05138,0.0319,23.44938,403.80908,35.52094,0.0602,83.41886,0.2246,18.0559,140.0338,477.2996,3862.1,19400.5,
2371,0.637606,0.00092,269.18497,7.0085,4.381,18.0597,20.0637,0.051384,0.0319,23.449824,403.81672,35.521612,0.0602,83.420438,0.2246,18.0559,140.0338,477.2996,3862.1,19400.5,
2372,0.636492,0.00092,269.19408,7.0085,4.381,18.0597,20.0637,0.051388,0.0319,23.450268,403.82437,35.522284,0.0602,83.422016,0.2246,18.0559,140.0338,477.2996,3862.1,19400.5,
2373,0.635378,0.00092,269.20318,7.0085,4.381,18.0597,20.0637,0.051392,0.0319,23.450712,403.83201,35.522956,0.0602,83.423594,0.2246,18.0559,140.0338,477.2996,3862.1,19400.5,
2374,0.634264,0.00092,269.21229,7.0085,4.381,18.0597,20.0637,0.051396,0.0319,23.451156,403.83966,35.523628,0.0602,83.425172,0.2246,18.0559,140.0338,477.2996,3862.1,19400.5,
2375,0.63315,0.00092,269.2214,7.0085,4.381,18.0597,20.0637,0.0514,0.0319,23.4516,403.8473,35.5243,0.0602,83.42675,0.2246,18.0559,140.0338,477.2996,3862.1,19400.5,
2376,0.632036,0.00092,269.23051,7.0085,4.381,18.0597,20.0637,0.051404,0.0319,23.452044,403.85494,35.524972,0.0602,83.428328,0.2246,18.0559,140.0338,477.2996,3862.1,19400.5,
2377,0.630922,0.00092,269.23962,7.0085,4.381,18.0597,20.0637,0.051408,0.0319,23.452488,403.86259,35.525644,0.0602,83.429906,0.2246,18.0559,140.0338,477.2996,3862.1,19400.5,
2378,0.629808,0.00092,269.24872,7.0085,4.381,18.0597,20.0637,0.051412,0.0319,23.452932,403.87023,35.526316,0.0602,83.431484,0.2246,18.0559,140.0338,477.2996,3862.1,19400.5,
2379,0.628694,0.00092,269.25783,7.0085,4.381,18.0597,20.0637,0.051416,0.0319,23.453376,403.87788,35.526988,0.0602,83.433062,0.2246,18.0559,140.0338,477.2996,3862.1,19400.5,
2380,0.62758,0.00092,269.26694,7.0085,4.381,18.0597,20.0637,0.05142,0.0319,23.45382,403.88552,35.52766,0.0602,83.43464,0.2246,18.0559,140.0338,477.2996,3862.1,19400.5,
2381,0.626466,0.00092,269.27605,7.0085,4.381,18.0597,20.0637,0.051424,0.0319,23.454264,403.89316,35.528332,0.0602,83.436218,0.2246,18.0559,140.0338,477.2996,3862.1,19400.5,
2382,0.625352,0.00092,269.28516,7.0085,4.381,18.0597,20.0637,0.051428,0.0319,23.454708,403.90081,35.529004,0.0602,83.437796,0.2246,18.0559,140.0338,477.2996,3862.1,19400.5,
2383,0.624238,0.00092,269.29426,7.0085,4.381,18.0597,20.0637,0.051432,0.0319,23.455152,403.90845,35.529676,0.0602,83.439374,0.2246,18.0559,140.0338,477.2996,3862.1,19400.5,
2384,0.623124,0.00092,269.30337,7.0085,4.381,18.0597,20.0637,0.051436,0.0319,23.455596,403.9161,35.530348,0.0602,83.440952,0.2246,18.0559,140.0338,477.2996,3862.1,19400.5,
2385,0.62201,0.00092,269.31248,7.0085,4.381,18.0597,20.0637,0.05144,0.0319,23.45604,403.92374,35.53102,0.0602,83.44253,0.2246,18.0559,140.0338,477.2996,3862.1,19400.5,
2386,0.620896,0.00092,269.32159,7.0085,4.381,18.0597,20.0637,0.051444,0.0319,23.456484,403.93138,35.531692,0.0602,83.444108,0.2246,18.0559,140.0338,477.2996,3862.1,19400.5,
2387,0.619782,0.00092,269.3307,7.0085,4.381,18.0597,20.0637,0.051448,0.0319,23.456928,403.93903,35.532364,0.0602,83.445686,0.2246,18.0559,140.0338,477.2996,3862.1,19400.5,
2388,0.618668,0.00092,269.3398,7.0085,4.381,18.0597,20.0637,0.051452,0.0319,23.457372,403.94667,35.533036,0.0602,83.447264,0.2246,18.0559,140.0338,477.2996,3862.1,19400.5,
2389,0.617554,0.00092,269.34891,7.0085,4.381,18.0597,20.0637,0.051456,0.0319,23.457816,403.95432,35.533708,0.0602,83.448842,0.2246,18.0559,140.0338,477.2996,3862.1,19400.5,
2390,0.61644,0.00092,269.35802,7.0085,4.381,18.0597,20.0637,0.05146,0.0319,23.45826,403.96196,35.53438,0.0602,83.45042,0.2246,18.0559,140.0338,477.2996,3862.1,19400.5,
2391,0.615326,0.00092,269.36713,7.0085,4.381,18.0597,20.0637,0.051464,0.0319,23.458704,403.9696,35.535052,0.0602,83.451998,0.2246,18.0559,140.0338,477.2996,3862.1,19400.5,
2392,0.614212,0.00092,269.37624,7.0085,4.381,18.0597,20.0637,0.051468,0.0319,23.459148,403.97725,35.535724,0.0602,83.453576,0.2246,18.0559,140.0338,477.2996,3862.1,19400.5,
2393,0.613098,0.00092,269.38534,7.0085,4.381,18.0597,20.0637,0.051472,0.0319,23.459592,403.98489,35.536396,0.0602,83.455154,0.2246,18.0559,140.0338,477.2996,3862.1,19400.5,
2394,0.611984,0.00092,269.39445,7.0085,4.381,18.0597,20.0637,0.051476,0.0319,23.460036,403.99254,35.537068,0.0602,83.456732,0.2246,18.0559,140.0338,477.2996,3862.1,19400.5,
2395,0.61087,0.00092,269.40356,7.0085,4.381,18.0597,20.0637,0.05148,0.0319,23.46048,404.00018,35.53774,0.0602,83.45831,0.2246,18.0559,140.0338,477.2996,3862.1,19400.5,
2396,0.609756,0.00092,269.41267,7.0085,4.381,18.0597,20.0637,0.051484,0.0319,23.460924,404.00782,35.538412,0.0602,83.459888,0.2246,18.0559,140.0338,477.2996,3862.1,19400.5,
2397,0.608642,0.00092,269.42178,7.0085,4.381,18.0597,20.0637,0.051488,0.0319,23.461368,404.01547,35.539084,0.0602,83.461466,0.2246,18.0559,140.0338,477.2996,3862.1,19400.5,
2398,0.607528,0.00092,269.43088,7.0085,4.381,18.0597,20.0637,0.051492,0.0319,23.461812,404.02311,35.539756,0.0602,83.463044,0.2246,18.0559,140.0338,477.2996,3862.1,19400.5,
2399,0.606414,0.00092,269.43999,7.0085,4.381,18.0597,20.0637,0.051496,0.0319,23.462256,404.03076,35.540428,0.0602,83.464622,0.2246,18.0559,140.0338,477.2996,3862.1,19400.5,
2400,0.6053,0.00092,269.4491,7.0085,4.381,18.0597,20.0637,0.0515,0.0319,23.4627,404.0384,35.5411,0.0602,83.4662,0.2246,18.0559,140.0338,477.2996,3862.1,19400.5,
2401,0.604434,0.00092,269.45702,7.0085,4.381,18.0597,20.0637,0.0515,0.0319,23.463086,404.04505,35.541686,0.060202,83.467576,0.2246,18.0559,140.0338,477.2996,3862.1,19400.5,
2402,0.603568,0.00092,269.46495,7.0085,4.381,18.0597,20.0637,0.0515,0.0319,23.463472,404.0517,35.542272,0.060204,83.468952,0.2246,18.0559,140.0338,477.2996,3862.1,19400.5,
2403,0.602702,0.00092,269.47287,7.0085,4.381,18.0597,20.0637,0.0515,0.0319,23.463858,404.05835,35.542858,0.060206,83.470328,0.2246,18.0559,140.0338,477.2996,3862.1,19400.5,
2404,0.601836,0.00092,269.4808,7.0085,4.381,18.0597,20.0637,0.0515,0.0319,23.464244,404.065,35.543444,0.060208,83.471704,0.2246,18.0559,140.0338,477.2996,3862.1,19400.5,
2405,0.60097,0.00092,269.48872,7.0085,4.381,18.0597,20.0637,0.0515,0.0319,23.46463,404.07165,35.54403,0.06021,83.47308,0.2246,18.0559,140.0338,477.2996,3862.1,19400.5,
2406,0.600104,0.00092,269.49664,7.0085,4.381,18.0597,20.0637,0.0515,0.0319,23.465016,404.0783,35.544616,0.060212,83.474456,0.2246,18.0559,140.0338,477.2996,3862.1,19400.5,
2407,0.599238,0.00092,269.50457,7.0085,4.381,18.0597,20.0637,0.0515,0.0319,23.465402,404.08495,35.545202,0.060214,83.475832,0.2246,18.0559,140.0338,477.2996,3862.1,19400.5,
2408,0.598372,0.00092,269.51249,7.0085,4.381,18.0597,20.0637,0.0515,0.0319,23.465788,404.0916,35.545788,0.060216,83.477208,0.2246,18.0559,140.0338,477.2996,3862.1,19400.5,
2409,0.597506,0.00092,269.52042,7.0085,4.381,18.0597,20.0637,0.0515,0.0319,23.466174,404.09825,35.546374,0.060218,83.478584,0.2246,18.0559,140.0338,477.2996,3862.1,19400.5,
2410,0.59664,0.00092,269.52834,7.0085,4.381,18.0597,20.0637,0.0515,0.0319,23.46656,404.1049,35.54696,0.06022,83.47996,0.2246,18.0559,140.0338,477.2996,3862.1,19400.5,
2411,0.595774,0.00092,269.53626,7.0085,4.381,18.0597,20.0637,0.0515,0.0319,23.466946,404.11155,35.547546,0.060222,83.481336,0.2246,18.0559,140.0338,477.2996,3862.1,19400.5,
2412,0.594908,0.00092,269.54419,7.0085,4.381,18.0597,20.0637,0.0515,0.0319,23.467332,404.1182,35.548132,0.060224,83.482712,0.2246,18.0559,140.0338,477.2996,3862.1,19400.5,
2413,0.594042,0.00092,269.55211,7.0085,4.381,18.0597,20.0637,0.0515,0.0319,23.467718,404.12485,35.548718,0.060226,83.484088,0.2246,18.0559,140.0338,477.2996,3862.1,19400.5,
2414,0.593176,0.00092,269.56004,7.0085,4.381,18.0597,20.0637,0.0515,0.0319,23.468104,404.1315,35.549304,0.060228,83.485464,0.2246,18.0559,140.0338,477.2996,3862.1,19400.5,
2415,0.59231,0.00092,269.56796,7.0085,4.381,18.0597,20.0637,0.0515,0.0319,23.46849,404.13815,35.54989,0.06023,83.48684,0.2246,18.0559,140.0338,477.2996,3862.1,19400.5,
2416,0.591444,0.00092,269.57588,7.0085,4.381,18.0597,20.0637,0.0515,0.0319,23.468876,404.1448,35.550476,0.060232,83.488216,0.2246,18.0559,140.0338,477.2996,3862.1,19400.5,
2417,0.590578,0.00092,269.58381,7.0085,4.381,18.0597,20.0637,0.0515,0.0319,23.469262,404.15145,35.551062,0.060234,83.489592,0.2246,18.0559,140.0338,477.2996,3862.1,19400.5,
2418,0.589712,0.00092,269.59173,7.0085,4.381,18.0597,20.0637,0.0515,0.0319,23.469648,404.1581,35.551648,0.060236,83.490968,0.2246,18.0559,140.0338,477.2996,3862.1,19400.5,
2419,0.588846,0.00092,269.59966,7.0085,4.381,18.0597,20.0637,0.0515,0.0319,23.470034,404.16475,35.552234,0.060238,83.492344,0.2246,18.0559,140.0338,477.2996,3862.1,19400.5,
2420,0.58798,0.00092,269.60758,7.0085,4.381,18.0597,20.0637,0.0515,0.0319,23.47042,404.1714,35.55282,0.06024,83.49372,0.2246,18.0559,140.0338,477.2996,3862.1,19400.5,
2421,0.587114,0.00092,269.6155,7.0085,4.381,18.0597,20.0637,0.0515,0.0319,23.470806,404.17805,35.553406,0.060242,83.495096,0.2246,18.0559,140.0338,477.2996,3862.1,19400.5,
2422,0.586248,0.00092,269.62343,7.0085,4.381,18.0597,20.0637,0.0515,0.0319,23.471192,404.1847,35.553992,0.060244,83.496472,0.2246,18.0559,140.0338,477.2996,3862.1,19400.5,
2423,0.585382,0.00092,269.63135,7.0085,4.381,18.0597,20.0637,0.0515,0.0319,23.471578,404.19135,35.554578,0.060246,83.497848,0.2246,18.0559,140.0338,477.2996,3862.1,19400.5,
2424,0.584516,0.00092,269.63928,7.0085,4.381,18.0597,20.0637,0.0515,0.0319,23.471964,404.198,35.555164,0.060248,83.499224,0.2246,18.0559,140.0338,477.2996,3862.1,19400.5,
2425,0.58365,0.00092,269.6472,7.0085,4.381,18.0597,20.0637,0.0515,0.0319,23.47235,404.20465,35.55575,0.06025,83.5006,0.2246,18.0559,140.0338,477.2996,3862.1,19400.5,
2426,0.582784,0.00092,269.65512,7.0085,4.381,18.0597,20.0637,0.0515,0.0319,23.472736,404.2113,35.556336,0.060252,83.501976,0.2246,18.0559,140.0338,477.2996,3862.1,19400.5,
2427,0.581918,0.00092,269.66305,7.0085,4.381,18.0597,20.0637,0.0515,0.0319,23.473122,404.21795,35.556922,0.060254,83.503352,0.2246,18.0559,140.0338,477.2996,3862.1,19400.5,
2428,0.581052,0.00092,269.67097,7.0085,4.381,18.0597,20.0637,0.0515,0.0319,23.473508,404.2246,35.557508,0.060256,83.504728,0.2246,18.0559,140.0338,477.2996,3862.1,19400.5,
2429,0.580186,0.00092,269.6789,7.0085,4.381,18.0597,20.0637,0.0515,0.0319,23.473894,404.23125,35.558094,0.060258,83.506104,0.2246,18.0559,140.0338,477.2996,3862.1,19400.5,
2430,0.57932,0.00092,269.68682,7.0085,4.381,18.0597,20.0637,0.0515,0.0319,23.47428,404.2379,35.55868,0.06026,83.50748,0.2246,18.0559,140.0338,477.2996,3862.1,19400.5,
2431,0.578454,0.00092,269.69474,7.0085,4.381,18.0597,20.0637,0.0515,0.0319,23.474666,404.24455,35.559266,0.060262,83.508856,0.2246,18.0559,140.0338,477.2996,3862.1,19400.5,
2432,0.577588,0.00092,269.70267,7.0085,4.381,18.0597,20.0637,0.0515,0.0319,23.475052,404.2512,35.559852,0.060264,83.510232,0.2246,18.0559,140.0338,477.2996,3862.1,19400.5,
2433,0.576722,0.00092,269.71059,7.0085,4.381,18.0597,20.0637,0.0515,0.0319,23.475438,404.25785,35.560438,0.060266,83.511608,0.2246,18.0559,140.0338,477.2996,3862.1,19400.5,
2434,0.575856,0.00092,269.71852,7.0085,4.381,18.0597,20.0637,0.0515,0.0319,23.475824,404.2645,35.561024,0.060268,83.512984,0.2246,18.0559,140.0338,477.2996,3862.1,19400.5,
2435,0.57499,0.00092,269.72644,7.0085,4.381,18.0597,20.0637,0.0515,0.0319,23.47621,404.27115,35.56161,0.06027,83.51436,0.2246,18.0559,140.0338,477.2996,3862.1,19400.5,
2436,0.574124,0.00092,269.73436,7.0085,4.381,18.0597,20.0637,0.0515,0.0319,23.476596,404.2778,35.562196,0.060272,83.515736,0.2246,18.0559,140.0338,477.2996,3862.1,19400.5,
2437,0.573258,0.00092,269.74229,7.0085,4.381,18.0597,20.0637,0.0515,0.0319,23.476982,404.28445,35.562782,0.060274,83.517112,0.2246,18.0559,140.0338,477.2996,3862.1,19400.5,
2438,0.572392,0.00092,269.75021,7.0085,4.381,18.0597,20.0637,0.0515,0.0319,23.477368,404.2911,35.563368,0.060276,83.518488,0.2246,18.0559,140.0338,477.2996,3862.1,19400.5,
2439,0.571526,0.00092,269.75814,7.0085,4.381,18.0597,20.0637,0.0515,0.0319,23.477754,404.29775,35.563954,0.060278,83.519864,0.2246,18.0559,140.0338,477.2996,3862.1,19400.5,
2440,0.57066,0.00092,269.76606,7.0085,4.381,18.0597,20.0637,0.0515,0.0319,23.47814,404.3044,35.56454,0.06028,83.52124,0.2246,18.0559,140.0338,477.2996,3862.1,19400.5,
2441,0.569794,0.00092,269.77398,7.0085,4.381,18.0597,20.0637,0.0515,0.0319,23.478526,404.31105,35.565126,0.060282,83.522616,0.2246,18.0559,140.0338,477.2996,3862.1,19400.5,
2442,0.568928,0.00092,269.78191,7.0085,4.381,18.0597,20.0637,0.0515,0.0319,23.478912,404.3177,35.565712,0.060284,83.523992,0.2246,18.0559,140.0338,477.2996,3862.1,19400.5,
2443,0.568062,0.00092,269.78983,7.0085,4.381,18.0597,20.0637,0.0515,0.0319,23.479298,404.32435,35.566298,0.060286,83.525368,0.2246,18.0559,140.0338,477.2996,3862.1,19400.5,
2444,0.567196,0.00092,269.79776,7.0085,4.381,18.0597,20.0637,0.0515,0.0319,23.479684,404.331,35.566884,0.060288,83.526744,0.2246,18.0559,140.0338,477.2996,3862.1,19400.5,
2445,0.56633,0.00092,269.80568,7.0085,4.381,18.0597,20.0637,0.0515,0.0319,23.48007,404.33765,35.56747,0.06029,83.52812,0.2246,18.0559,140.0338,477.2996,3862.1,19400.5,
2446,0.565464,0.00092,269.8136,7.0085,4.381,18.0597,20.0637,0.0515,0.0319,23.480456,404.3443,35.568056,0.060292,83.529496,0.2246,18.0559,140.0338,477.2996,3862.1,19400.5,
2447,0.564598,0.00092,269.82153,7.0085,4.381,18.0597,20.0637,0.0515,0.0319,23.480842,404.35095,35.568642,0.060294,83.530872,0.2246,18.0559,140.0338,477.2996,3862.1,19400.5,
2448,0.563732,0.00092,269.82945,7.0085,4.381,18.0597,20.0637,0.0515,0.0319,23.481228,404.3576,35.569228,0.060296,83.532248,0.2246,18.0559,140.0338,477.2996,3862.1,19400.5,
2449,0.562866,0.00092,269.83738,7.0085,4.381,18.0597,20.0637,0.0515,0.0319,23.481614,404.36425,35.569814,0.060298,83.533624,0.2246,18.0559,140.0338,477.2996,3862.1,19400.5,
2450,0.562,0.00092,269.8453,7.0085,4.381,18.0597,20.0637,0.0515,0.0319,23.482,404.3709,35.5704,0.0603,83.535,0.2246,18.0559,140.0338,477.2996,3862.1,19400.5,
2451,0.56425,0.00092,269.82627,7.0085,4.381,18.0597,20.0637,0.051496,0.0319,23.481072,404.35493,35.568994,0.060298,83.531698,0.2246,18.0559,140.0338,477.2996,3862.1,19400.5,
2452,0.5665,0.00092,269.80724,7.0085,4.381,18.0597,20.0637,0.051492,0.0319,23.480144,404.33896,35.567588,0.060296,83.528396,0.2246,18.0559,140.0338,477.2996,3862.1,19400.5,
2453,0.56875,0.00092,269.7882,7.0085,4.381,18.0597,20.0637,0.051488,0.0319,23.479216,404.32299,35.566182,0.060294,83.525094,0.2246,18.0559,140.0338,477.2996,3862.1,19400.5,
2454,0.571,0.00092,269.76917,7.0085,4.381,18.0597,20.0637,0.051484,0.0319,23.478288,404.30702,35.564776,0.060292,83.521792,0.2246,18.0559,140.0338,477.2996,3862.1,19400.5,
2455,0.57325,0.00092,269.75014,7.0085,4.381,18.0597,20.0637,0.05148,0.0319,23.47736,404.29105,35.56337,0.06029,83.51849,0.2246,18.0559,140.0338,477.2996,3862.1,19400.5,
2456,0.5755,0.00092,269.73111,7.0085,4.381,18.0597,20.0637,0.051476,0.0319,23.476432,404.27508,35.561964,0.060288,83.515188,0.2246,18.0559,140.0338,477.2996,3862.1,19400.5,
2457,0.57775,0.00092,269.71208,7.0085,4.381,18.0597,20.0637,0.051472,0.0319,23.475504,404.25911,35.560558,0.060286,83.511886,0.2246,18.0559,140.0338,477.2996,3862.1,19400.5,
2458,0.58,0.00092,269.69304,7.0085,4.381,18.0597,20.0637,0.051468,0.0319,23.474576,404.24314,35.559152,0.060284,83.508584,0.2246,18.0559,140.0338,477.2996,3862.1,19400.5,
2459,0.58225,0.00092,269.67401,7.0085,4.381,18.0597,20.0637,0.051464,0.0319,23.473648,404.22717,35.557746,0.060282,83.505282,0.2246,18.0559,140.0338,477.2996,3862.1,19400.5,
2460,0.5845,0.00092,269.65498,7.0085,4.381,18.0597,20.0637,0.05146,0.0319,23.47272,404.2112,35.55634,0.06028,83.50198,0.2246,18.0559,140.0338,477.2996,3862.1,19400.5,
2461,0.58675,0.00092,269.63595,7.0085,4.381,18.0597,20.0637,0.051456,0.0319,23.471792,404.19523,35.554934,0.060278,83.498678,0.2246,18.0559,140.0338,477.2996,3862.1,19400.5,
2462,0.589,0.00092,269.61692,7.0085,4.381,18.0597,20.0637,0.051452,0.0319,23.470864,404.17926,35.553528,0.060276,83.495376,0.2246,18.0559,140.0338,477.2996,3862.1,19400.5,
2463,0.59125,0.00092,269.59788,7.0085,4.381,18.0597,20.0637,0.051448,0.0319,23.469936,404.16329,35.552122,0.060274,83.492074,0.2246,18.0559,140.0338,477.2996,3862.1,19400.5,
2464,0.5935,0.00092,269.57885,7.0085,4.381,18.0597,20.0637,0.051444,0.0319,23.469008,404.14732,35.550716,0.060272,83.488772,0.2246,18.0559,140.0338,477.2996,3862.1,19400.5,
2465,0.59575,0.00092,269.55982,7.0085,4.381,18.0597,20.0637,0.05144,0.0319,23.46808,404.13135,35.54931,0.06027,83.48547,0.2246,18.0559,140.0338,477.2996,3862.1,19400.5,
2466,0.598,0.00092,269.54079,7.0085,4.381,18.0597,20.0637,0.051436,0.0319,23.467152,404.11538,35.547904,0.060268,83.482168,0.2246,18.0559,140.0338,477.2996,3862.1,19400.5,
2467,0.60025,0.00092,269.52176,7.0085,4.381,18.0597,20.0637,0.051432,0.0319,23.466224,404.09941,35.546498,0.060266,83.478866,0.2246,18.0559,140.0338,477.2996,3862.1,19400.5,
2468,0.6025,0.00092,269.50272,7.0085,4.381,18.0597,20.0637,0.051428,0.0319,23.465296,404.08344,35.545092,0.060264,83.475564,0.2246,18.0559,140.0338,477.2996,3862.1,19400.5,
2469,0.60475,0.00092,269.48369,7.0085,4.381,18.0597,20.0637,0.051424,0.0319,23.464368,404.06747,35.543686,0.060262,83.472262,0.2246,18.0559,140.0338,477.2996,3862.1,19400.5,
2470,0.607,0.00092,269.46466,7.0085,4.381,18.0597,20.0637,0.05142,0.0319,23.46344,404.0515,35.54228,0.06026,83.46896,0.2246,18.0559,140.0338,477.2996,3862.1,19400.5,
2471,0.60925,0.00092,269.44563,7.0085,4.381,18.0597,20.0637,0.051416,0.0319,23.462512,404.03553,35.540874,0.060258,83.465658,0.2246,18.0559,140.0338,477.2996,3862.1,19400.5,
2472,0.6115,0.00092,269.4266,7.0085,4.381,18.0597,20.0637,0.051412,0.0319,23.461584,404.01956,35.539468,0.060256,83.462356,0.2246,18.0559,140.0338,477.2996,3862.1,19400.5,
2473,0.61375,0.00092,269.40756,7.0085,4.381,18.0597,20.0637,0.051408,0.0319,23.460656,404.00359,35.538062,0.060254,83.459054,0.2246,18.0559,140.0338,477.2996,3862.1,19400.5,
2474,0.616,0.00092,269.38853,7.0085,4.381,18.0597,20.0637,0.051404,0.0319,23.459728,403.98762,35.536656,0.060252,83.455752,0.2246,18.0559,140.0338,477.2996,3862.1,19400.5,
2475,0.61825,0.00092,269.3695,7.0085,4.381,18.0597,20.0637,0.0514,0.0319,23.4588,403.97165,35.53525,0.06025,83.45245,0.2246,18.0559,140.0338,477.2996,3862.1,19400.5,
2476,0.6205,0.00092,269.35047,7.0085,4.381,18.0597,20.0637,0.051396,0.0319,23.457872,403.95568,35.533844,0.060248,83.449148,0.2246,18.0559,140.0338,477.2996,3862.1,19400.5,
2477,0.62275,0.00092,269.33144,7.0085,4.381,18.0597,20.0637,0.051392,0.0319,23.456944,403.93971,35.532438,0.060246,83.445846,0.2246,18.0559,140.0338,477.2996,3862.1,19400.5,
2478,0.625,0.00092,269.3124,7.0085,4.381,18.0597,20.0637,0.051388,0.0319,23.456016,403.92374,35.531032,0.060244,83.442544,0.2246,18.0559,140.0338,477.2996,3862.1,19400.5,
2479,0.62725,0.00092,269.29337,7.0085,4.381,18.0597,20.0637,0.051384,0.0319,23.455088,403.90777,35.529626,0.060242,83.439242,0.2246,18.0559,140.0338,477.2996,3862.1,19400.5,
2480,0.6295,0.00092,269.27434,7.0085,4.381,18.0597,20.0637,0.05138,0.0319,23.45416,403.8918,35.52822,0.06024,83.43594,0.2246,18.0559,140.0338,477.2996,3862.1,19400.5,
2481,0.63175,0.00092,269.25531,7.0085,4.381,18.0597,20.0637,0.051376,0.0319,23.453232,403.87583,35.526814,0.060238,83.432638,0.2246,18.0559,140.0338,477.2996,3862.1,19400.5,
2482,0.634,0.00092,269.23628,7.0085,4.381,18.0597,20.0637,0.051372,0.0319,23.452304,403.85986,35.525408,0.060236,83.429336,0.2246,18.0559,140.0338,477.2996,3862.1,19400.5,
2483,0.63625,0.00092,269.21724,7.0085,4.381,18.0597,20.0637,0.051368,0.0319,23.451376,403.84389,35.524002,0.060234,83.426034,0.2246,18.0559,140.0338,477.2996,3862.1,19400.5,
2484,0.6385,0.00092,269.19821,7.0085,4.381,18.0597,20.0637,0.051364,0.0319,23.450448,403.82792,35.522596,0.060232,83.422732,0.2246,18.0559,140.0338,477.2996,3862.1,19400.5,
2485,0.64075,0.00092,269.17918,7.0085,4.381,18.0597,20.0637,0.05136,0.0319,23.44952,403.81195,35.52119,0.06023,83.41943,0.2246,18.0559,140.0338,477.2996,3862.1,19400.5,
2486,0.643,0.00092,269.16015,7.0085,4.381,18.0597,20.0637,0.051356,0.0319,23.448592,403.79598,35.519784,0.060228,83.416128,0.2246,18.0559,140.0338,477.2996,3862.1,19400.5,
2487,0.64525,0.00092,269.14112,7.0085,4.381,18.0597,20.0637,0.051352,0.0319,23.447664,403.78001,35.518378,0.060226,83.412826,0.2246,18.0559,140.0338,477.2996,3862.1,19400.5,
2488,0.6475,0.00092,269.12208,7.0085,4.381,18.0597,20.0637,0.051348,0.0319,23.446736,403.76404,35.516972,0.060224,83.409524,0.2246,18.0559,140.0338,477.2996,3862.1,19400.5,
2489,0.64975,0.00092,269.10305,7.0085,4.381,18.0597,20.0637,0.051344,0.0319,23.445808,403.74807,35.515566,0.060222,83.406222,0.2246,18.0559,140.0338,477.2996,3862.1,19400.5,
2490,0.652,0.00092,269.08402,7.0085,4.381,18.0597,20.0637,0.05134,0.0319,23.44488,403.7321,35.51416,0.06022,83.40292,0.2246,18.0559,140.0338,477.2996,3862.1,19400.5,
2491,0.65425,0.00092,269.06499,7.0085,4.381,18.0597,20.0637,0.051336,0.0319,23.443952,403.71613,35.512754,0.060218,83.399618,0.2246,18.0559,140.0338,477.2996,3862.1,19400.5,
2492,0.6565,0.00092,269.04596,7.0085,4.381,18.0597,20.0637,0.051332,0.0319,23.443024,403.70016,35.511348,0.060216,83.396316,0.2246,18.0559,140.0338,477.2996,3862.1,19400.5,
2493,0.65875,0.00092,269.02692,7.0085,4.381,18.0597,20.0637,0.051328,0.0319,23.442096,403.68419,35.509942,0.060214,83.393014,0.2246,18.0559,140.0338,477.2996,3862.1,19400.5,
2494,0.661,0.00092,269.00789,7.0085,4.381,18.0597,20.0637,0.051324,0.0319,23.441168,403.66822,35.508536,0.060212,83.389712,0.2246,18.0559,140.0338,477.2996,3862.1,19400.5,
2495,0.66325,0.00092,268.98886,7.0085,4.381,18.0597,20.0637,0.05132,0.0319,23.44024,403.65225,35.50713,0.06021,83.38641,0.2246,18.0559,140.0338,477.2996,3862.1,19400.5,
2496,0.6655,0.00092,268.96983,7.0085,4.381,18.0597,20.0637,0.051316,0.0319,23.439312,403.63628,35.505724,0.060208,83.383108,0.2246,18.0559,140.0338,477.2996,3862.1,19400.5,
2497,0.66775,0.00092,268.9508,7.0085,4.381,18.0597,20.0637,0.051312,0.0319,23.438384,403.62031,35.504318,0.060206,83.379806,0.2246,18.0559,140.0338,477.2996,3862.1,19400.5,
2498,0.67,0.00092,268.93176,7.0085,4.381,18.0597,20.0637,0.051308,0.0319,23.437456,403.60434,35.502912,0.060204,83.376504,0.2246,18.0559,140.0338,477.2996,3862.1,19400.5,
2499,0.67225,0.00092,268.91273,7.0085,4.381,18.0597,20.0637,0.051304,0.0319,23.436528,403.58837,35.501506,0.060202,83.373202,0.2246,18.0559,140.0338,477.2996,3862.1,19400.5,
2500,0.6745,0.00092,268.8937,7.0085,4.381,18.0597,20.0637,0.0513,0.0319,23.4356,403.5724,35.5001,0.0602,83.3699,0.2246,18.0559,140.0338,477.2996,3862.1,19400.5,
